Submission id,Participant id,Status,Started at,Completed at,Reviewed at,Archived at,Time taken,Completion code,Total approvals,Fluent languages,Age,Sex,Ethnicity simplified,Country of birth,Country of residence,Nationality,Language,Student status,Employment status,Custom study tncs accepted at
6576dd02d59e203193c6e8a1,643cff9260890a3b38e3130d,APPROVED,2023-12-11T09:57:31.731000Z,2023-12-11T10:25:29.874000Z,2023-12-11T10:25:30.513000Z,2023-12-11T10:25:30.442270Z,1679.0,C1O1B8DE,93,"English, German, Italian",24,Female,White,Germany,Germany,Germany,German,Yes,Due to start a new job within the next month,
6576ddedf6f3a4dd3556bb0b,656606a373aba3beafcf538a,APPROVED,2023-12-11T10:01:26.594000Z,2023-12-11T10:24:51.418000Z,2023-12-11T10:24:52.049000Z,2023-12-11T10:24:51.968594Z,1405.0,C1O1B8DE,2,German,67,Female,White,Germany,Germany,Germany,German,No,DATA_EXPIRED,
6576de5c0dd71d3d2bd56b69,64f1dbf275e44ffd381b8985,APPROVED,2023-12-11T10:03:08.389000Z,2023-12-11T11:03:57.280000Z,2023-12-11T11:03:57.886000Z,2023-12-11T11:03:57.813642Z,3649.0,C1O1B8DE,128,"German, English",37,Male,White,Austria,Germany,Austria,German,No,DATA_EXPIRED,
6576df18b0c2d5e3b038af0d,646dc14e28531e7b267adb50,APPROVED,2023-12-11T10:06:16.306000Z,2023-12-11T10:43:08.096000Z,2023-12-11T10:43:09.611000Z,2023-12-11T10:43:09.559297Z,2212.0,C1O1B8DE,285,"English, German, Russian",34,Male,White,Kazakhstan,Germany,Germany,German,No,Full-Time,
6576df443f3ffe9a1bf74631,65270eab7c3eeb6fda130ee8,APPROVED,2023-12-11T10:08:00.604000Z,2023-12-11T11:28:58.113000Z,2023-12-11T11:28:58.663000Z,2023-12-11T11:28:58.597547Z,4858.0,C1O1B8DE,23,"German, English, Turkish",38,Male,Other,Turkey,Germany,Turkey,Turkish,No,Other,
6576e02400858d96ae37109a,6441a254a387409ea3ef316b,APPROVED,2023-12-11T10:11:37.244000Z,2023-12-11T10:27:25.166000Z,2023-12-11T10:27:25.714000Z,2023-12-11T10:27:25.645402Z,948.0,C1O1B8DE,41,"English, German, Spanish",24,Female,White,Germany,Germany,Germany,German,Yes,Part-Time,
6576e0525ba0968eda9a3f6d,65216081309ddac9a26e5d3a,APPROVED,2023-12-11T10:12:14.207000Z,2023-12-11T11:05:23.063000Z,2023-12-11T11:05:23.649000Z,2023-12-11T11:05:23.581470Z,3189.0,C1O1B8DE,35,"English, German, Turkish",33,Male,White,Turkey,Germany,Germany,Turkish,No,Full-Time,
6576e0591c2639d8b21d84de,5bbbdca68f3bd70001e713ef,APPROVED,2023-12-11T10:11:50.429000Z,2023-12-11T10:53:13.785000Z,2023-12-11T10:53:14.415000Z,2023-12-11T10:53:14.350285Z,2484.0,C1O1B8DE,1564,"German, English",36,Male,White,Germany,Germany,Germany,German,DATA_EXPIRED,DATA_EXPIRED,
6576e0720014919fe9a6a2b5,653a743f3112ad79e0e9c2f3,APPROVED,2023-12-11T10:12:41.328000Z,2023-12-11T11:00:42.965000Z,2023-12-11T11:00:43.779000Z,2023-12-11T11:00:43.718903Z,2882.0,C1O1B8DE,41,"English, German",28,Male,White,Germany,Germany,Germany,German,No,Full-Time,
6576e0b619f55b7f3bf6f53d,651d020dba3016438d70773e,APPROVED,2023-12-11T10:13:13.649000Z,2023-12-11T10:48:19.672000Z,2023-12-11T10:48:20.237000Z,2023-12-11T10:48:20.148126Z,2107.0,C1O1B8DE,51,"German, English",31,Male,White,Germany,Germany,Germany,German,No,Full-Time,
6576e0c65f58e07f5d87a492,656b4e172906db15e11ebce5,APPROVED,2023-12-11T10:19:31.243000Z,2023-12-11T10:55:40.938000Z,2023-12-11T10:55:41.461000Z,2023-12-11T10:55:41.392747Z,2170.0,C1O1B8DE,6,"English, German, Turkish",31,Male,White,Germany,Germany,Germany,German,No,DATA_EXPIRED,
6576e0ca86825507e2d8875e,6521568f62c55df10e59dc9a,APPROVED,2023-12-11T10:17:29.103000Z,2023-12-11T10:41:47.989000Z,2023-12-11T10:41:48.566000Z,2023-12-11T10:41:48.477618Z,1459.0,C1O1B8DE,99,"English, German, French, Italian, Spanish, Swedish, Dutch",24,Male,White,Azerbaijan,Germany,Azerbaijan,Turkish,No,Due to start a new job within the next month,
6576e1aa485fba4f895865b5,6516d8dd04d46519d544f6ae,APPROVED,2023-12-11T10:17:21.164000Z,2023-12-11T11:09:27.263000Z,2023-12-11T11:09:27.804000Z,2023-12-11T11:09:27.739198Z,3127.0,C1O1B8DE,17,"English, German, Russian",29,Male,White,Russian Federation,Germany,Germany,Russian,Yes,Part-Time,
6576e21a983e91f249cb7021,6533fca6a20c492a2baf878e,APPROVED,2023-12-11T10:19:26.659000Z,2023-12-11T11:04:39.507000Z,2023-12-11T11:04:40.090000Z,2023-12-11T11:04:40.014175Z,2713.0,C1O1B8DE,34,"English, German, Turkish",28,Male,White,Turkey,Germany,Turkey,Turkish,Yes,Part-Time,
6576e24e00858d96ae371175,6557747cc5cd5cb46edfe6c6,APPROVED,2023-12-11T10:20:11.811000Z,2023-12-11T10:45:45.956000Z,2023-12-11T10:45:46.526000Z,2023-12-11T10:45:46.463708Z,1535.0,C1O1B8DE,25,"English, German, Turkish",28,Male,White,Germany,Germany,Germany,German,Yes,Part-Time,
6576e260d51b2802e79254fe,6554d5f1a5b42aea269aa82a,APPROVED,2023-12-11T10:20:16.858000Z,2023-12-11T11:14:25.264000Z,2023-12-11T11:14:25.836000Z,2023-12-11T11:14:25.756592Z,3249.0,C1O1B8DE,42,"English, German, Turkish",25,Male,White,Germany,Germany,Germany,German,No,Full-Time,
6576e2c16cbb4cd128a24e1d,6510335c6c5ba95f95c5af89,APPROVED,2023-12-11T10:22:26.826000Z,2023-12-11T10:55:57.436000Z,2023-12-11T10:55:58.035000Z,2023-12-11T10:55:57.973509Z,2011.0,C1O1B8DE,105,"English, German",27,Female,White,Germany,Germany,Germany,German,Yes,Other,
6576e34d3cead9c945a7cda2,653fbb7899638eb02212c25b,APPROVED,2023-12-11T10:31:27.189000Z,2023-12-11T10:58:24.295000Z,2023-12-11T10:58:24.809000Z,2023-12-11T10:58:24.746420Z,1618.0,C1O1B8DE,38,"English, German",44,Male,White,Germany,Germany,Germany,English,No,Part-Time,
6576e37288d53cbfd0090f8c,6557923d4a9cc0c7d81cd60d,APPROVED,2023-12-11T10:33:12.928000Z,2023-12-11T11:11:04.168000Z,2023-12-11T11:11:04.711000Z,2023-12-11T11:11:04.642671Z,2272.0,C1O1B8DE,21,"Spanish, Turkish, English, German",29,Male,Other,Turkey,Germany,Turkey,Turkish,No,DATA_EXPIRED,
6576e3a0983e91f249cb706b,6517299ba3d7cde45394692a,APPROVED,2023-12-11T10:27:28.317000Z,2023-12-11T11:24:25.721000Z,2023-12-11T11:24:26.404000Z,2023-12-11T11:24:26.315833Z,3418.0,C1O1B8DE,29,"English, French, German, Russian, Turkish",20,Female,Mixed,Turkey,Germany,Turkey,Turkish,Yes,Part-Time,
6576e3a2d51b2802e792554a,654baf4c709dd68c04a8b09a,APPROVED,2023-12-11T10:25:38.354000Z,2023-12-11T10:39:46.669000Z,2023-12-11T10:39:47.536000Z,2023-12-11T10:39:47.455732Z,849.0,C1O1B8DE,30,"English, German",24,Male,White,Germany,Germany,Germany,German,Yes,Part-Time,
6576e3a900858d96ae371221,65674ca014879b38a634b741,APPROVED,2023-12-11T10:26:57.271000Z,2023-12-11T11:06:08.528000Z,2023-12-11T11:06:09.131000Z,2023-12-11T11:06:09.051548Z,2352.0,C1O1B8DE,8,"Farsi, German, Turkish",21,Male,Asian,Afghanistan,Germany,Afghanistan,Farsi,Yes,Other,
6576e3eb3ccde2df62cd4290,65413d7a889c08941364abb6,APPROVED,2023-12-11T10:27:56.320000Z,2023-12-11T10:54:54.221000Z,2023-12-11T10:54:54.757000Z,2023-12-11T10:54:54.694297Z,1618.0,C1O1B8DE,24,"English, German",33,Female,White,Germany,Germany,Germany,German,Yes,DATA_EXPIRED,
6576e3f452fa6e2ac9f4ae30,6505b19314eb42b422d59509,APPROVED,2023-12-11T10:28:02.931000Z,2023-12-11T10:49:23.404000Z,2023-12-11T10:49:24.105000Z,2023-12-11T10:49:24.042307Z,1281.0,C1O1B8DE,40,"English, German",27,Male,White,Germany,Germany,Germany,German,No,Full-Time,
6576e4325afda6316ad36f47,64e220abe394efe48bfe28f8,APPROVED,2023-12-11T10:32:23.827000Z,2023-12-11T11:03:13.011000Z,2023-12-11T11:03:13.626000Z,2023-12-11T11:03:13.567496Z,1850.0,C1O1B8DE,164,"English, German",24,Female,White,Germany,Germany,Germany,German,No,Part-Time,
6576e5bd23d636bbc15867df,607079a28a504f214dfd77b8,APPROVED,2023-12-11T10:34:46.415000Z,2023-12-11T11:16:59.409000Z,2023-12-11T11:17:00.013000Z,2023-12-11T11:16:59.958234Z,2533.0,C1O1B8DE,1126,"English, German",58,Male,White,Germany,Germany,Germany,German,No,Full-Time,
6576e751c50eb0072ca2dcf2,6503144bcc000df7879d9637,APPROVED,2023-12-11T10:43:02.723000Z,2023-12-11T11:20:46.333000Z,2023-12-11T11:20:46.881000Z,2023-12-11T11:20:46.813670Z,2264.0,C1O1B8DE,144,"English, German, Russian",32,Male,White,Kazakhstan,Germany,Germany,German,No,Full-Time,
6576e9a3e4da50c5ed7dd6ec,6543cbb6e554d07ea95a1db8,APPROVED,2023-12-11T10:51:15.261000Z,2023-12-11T11:06:13.260000Z,2023-12-11T11:06:13.818000Z,2023-12-11T11:06:13.754558Z,898.0,C1O1B8DE,57,"German, English, Turkish",24,Male,White,Germany,Germany,Germany,German,Yes,Part-Time,
6576f95371e3f3f2e581a764,644ac0e41a2fabcf5d563f20,APPROVED,2023-12-11T11:58:48.909000Z,2023-12-11T12:17:28.309000Z,2023-12-11T12:17:30.203000Z,2023-12-11T12:17:30.142414Z,1120.0,C1O1B8DE,119,"English, German",22,Male,White,Germany,Germany,Germany,German,Yes,Part-Time,
65772dfa126128fef2e497a4,627bbf69ab2788507bc421a2,APPROVED,2023-12-11T15:51:39.952000Z,2023-12-11T16:41:15.014000Z,2023-12-11T16:41:15.477000Z,2023-12-11T16:41:15.415735Z,2976.0,C1O1B8DE,1206,"English, German",36,Male,White,Germany,Germany,Germany,German,No,DATA_EXPIRED,
65772dff157aafadf7aa34da,651311510abdac9c5b9c6c4b,APPROVED,2023-12-11T15:43:19.409000Z,2023-12-11T16:03:58.941000Z,2023-12-11T16:03:59.620000Z,2023-12-11T16:03:59.571340Z,1240.0,C1O1B8DE,132,"German, English",25,Female,White,Germany,Germany,Germany,German,No,Full-Time,
65772e00f749625334860f5d,6480b08b4e783b4c327cf4a8,APPROVED,2023-12-11T15:42:56.129000Z,2023-12-11T17:26:18.319000Z,2023-12-11T17:26:18.842000Z,2023-12-11T17:26:18.782888Z,6203.0,C1O1B8DE,342,"German, English",41,Male,White,Germany,Germany,Germany,German,No,Full-Time,
65772e0627e637190d321f76,65410ad762a7e3c570b6273c,APPROVED,2023-12-11T15:43:20.735000Z,2023-12-11T16:26:46.137000Z,2023-12-11T16:26:46.752000Z,2023-12-11T16:26:46.643779Z,2606.0,C1O1B8DE,78,"Turkish, German",34,Male,Asian,Germany,Germany,Turkey,Turkish,No,"Not in paid work (e.g. homemaker', 'retired or disabled)",
65772e0f3f8addf6fc3ee4a6,656e5185676b397a22189d00,APPROVED,2023-12-11T15:43:11.739000Z,2023-12-11T16:18:16.347000Z,2023-12-11T16:18:17.069000Z,2023-12-11T16:18:17.014313Z,2105.0,C1O1B8DE,7,German,18,Male,White,Germany,Germany,Germany,German,Yes,Unemployed (and job seeking),
65772e103662c8789f07780d,6516f474d21c67a9a5bbb712,APPROVED,2023-12-11T15:48:52.324000Z,2023-12-11T16:11:51.171000Z,2023-12-11T16:11:52.076000Z,2023-12-11T16:11:52.027874Z,1379.0,C1O1B8DE,65,"German, French, English",18,Female,White,Germany,Germany,Germany,German,Yes,Full-Time,
65772e1069cd58b73b9a6f39,6554d26c5dae0f7aa6a24b19,APPROVED,2023-12-11T15:43:12.916000Z,2023-12-11T16:08:20.289000Z,2023-12-11T16:08:20.874000Z,2023-12-11T16:08:20.809995Z,1508.0,C1O1B8DE,22,"English, German, Turkish",26,Male,Mixed,Afghanistan,Germany,Afghanistan,German,No,DATA_EXPIRED,
65772e12a990841b07ca3d38,6529483ef2abe408d574860a,APPROVED,2023-12-11T15:43:28.846000Z,2023-12-11T15:49:45.364000Z,2023-12-12T09:13:58.632000Z,2023-12-11T15:49:45.919514Z,377.0,CC0YVNE1,57,"English, German, Turkish",31,Male,Asian,Turkey,Germany,Turkey,Turkish,No,Unemployed (and job seeking),
65772e135da68ea8c9dfcdca,615416df060f5730a1d4e113,APPROVED,2023-12-11T15:43:15.443000Z,2023-12-11T16:13:54.717000Z,2023-12-11T16:13:55.527000Z,2023-12-11T16:13:55.461940Z,1840.0,C1O1B8DE,812,"English, German",46,Male,White,Germany,Germany,Germany,German,No,Part-Time,
65772e1458bc9b768ae5303e,5fff0b0bcbc37a5f5928ed26,APPROVED,2023-12-11T15:43:16.067000Z,2023-12-11T16:07:22.411000Z,2023-12-11T16:07:23.383000Z,2023-12-11T16:07:23.313806Z,1447.0,C1O1B8DE,1607,"English, German",41,Male,White,Germany,Germany,Germany,German,No,Full-Time,
65772e19e9c7d953fb1d236d,5be454621effe60001cbf290,APPROVED,2023-12-11T15:45:08.480000Z,2023-12-11T16:15:09.221000Z,2023-12-11T16:15:09.916000Z,2023-12-11T16:15:09.859357Z,1801.0,C1O1B8DE,696,"German, English",27,Male,White,Germany,Germany,Germany,German,No,Full-Time,
65772e23c1b5e102565454a4,653bbdbd990bb0039d427925,APPROVED,2023-12-11T15:43:31.954000Z,2023-12-11T16:49:34.020000Z,2023-12-11T16:49:34.573000Z,2023-12-11T16:49:34.501943Z,3963.0,C1O1B8DE,54,"Croatian, English, German",28,Male,White,Bosnia and Herzegovina,Germany,Bosnia and Herzegovina,English,No,Full-Time,
65772e260f74c02eed545628,63c0157fbc63b6511d336764,APPROVED,2023-12-11T15:43:34.913000Z,2023-12-11T16:19:30.003000Z,2023-12-11T16:19:30.678000Z,2023-12-11T16:19:30.629772Z,2156.0,C1O1B8DE,697,"English, German",44,Female,White,Germany,Germany,Germany,German,No,"Not in paid work (e.g. homemaker', 'retired or disabled)",
65772e271a6e76ee2ed01f51,64fdee2b969a06603ae3226d,APPROVED,2023-12-11T15:43:35.134000Z,2023-12-11T16:12:44.449000Z,2023-12-11T16:12:44.991000Z,2023-12-11T16:12:44.937150Z,1750.0,C1O1B8DE,134,"Vietnamese, English, German",21,Male,Asian,Vietnam,Germany,Vietnam,Vietnamese,Yes,Unemployed (and job seeking),
65772e2723e406c99e1f9194,5f738b981a302b0d6d6405aa,APPROVED,2023-12-11T15:43:38.126000Z,2023-12-11T16:10:48.208000Z,2023-12-11T16:10:48.730000Z,2023-12-11T16:10:48.687076Z,1631.0,C1O1B8DE,73,"English, German",23,Male,White,Germany,Germany,Germany,German,Yes,Other,
65772e29b92693238100b04c,6516d284e2e240661699806c,APPROVED,2023-12-11T15:43:37.226000Z,2023-12-11T16:27:46.546000Z,2023-12-11T16:27:47.203000Z,2023-12-11T16:27:47.148283Z,2650.0,C1O1B8DE,104,"German, English",21,Female,White,Germany,Germany,Germany,German,Yes,"Not in paid work (e.g. homemaker', 'retired or disabled)",
65772e29d78e80f1923f089d,6516d540a78298897619e273,APPROVED,2023-12-11T15:44:04.275000Z,2023-12-11T16:09:12.843000Z,2023-12-11T16:09:13.568000Z,2023-12-11T16:09:13.469422Z,1509.0,C1O1B8DE,113,"English, German",26,Female,White,Germany,Germany,Germany,German,No,Full-Time,
65772e2a6746506025963753,65170df8def70fb50be8068e,APPROVED,2023-12-11T15:43:48.803000Z,2023-12-11T16:16:40.776000Z,2023-12-11T16:16:41.502000Z,2023-12-11T16:16:41.423385Z,1972.0,C1O1B8DE,43,"German, Italian, Turkish, Spanish, French",23,Male,White,Turkey,Germany,Turkey,English,Yes,Part-Time,
65772e2abde405e8cb728f2c,65465caa5dcdb76a16d563b3,APPROVED,2023-12-11T15:43:38.519000Z,2023-12-11T16:01:44.483000Z,2023-12-11T16:01:45.076000Z,2023-12-11T16:01:45.029352Z,1086.0,C1O1B8DE,66,"English, German, French, Chinese, Spanish, Italian, Czech",24,Male,Mixed,Germany,Germany,Azerbaijan,German,No,Full-Time,
65772e2c24f4c6b6f4a0289c,5e6a3e3d265930022e81c70b,APPROVED,2023-12-11T15:43:59.450000Z,2023-12-11T16:18:35.455000Z,2023-12-11T16:18:35.975000Z,2023-12-11T16:18:35.880082Z,2077.0,C1O1B8DE,1800,German,29,Male,White,Kazakhstan,Germany,Germany,German,No,Unemployed (and job seeking),
65772e3123b22abf791d232b,633ddca746fbf59ca2e530aa,APPROVED,2023-12-11T15:44:11.854000Z,2023-12-11T16:14:14.608000Z,2023-12-11T16:14:17.998000Z,2023-12-11T16:14:15.151378Z,1803.0,C1O1B8DE,196,"German, English",25,Male,White,Germany,Germany,Germany,German,Yes,Other,
65772e32e7696d2a96dad685,5dea808cce8d8d19f5424b21,APPROVED,2023-12-11T15:43:46.974000Z,2023-12-11T16:17:13.874000Z,2023-12-11T16:17:14.413000Z,2023-12-11T16:17:14.357810Z,2007.0,C1O1B8DE,1540,"French, English, German",35,Male,White,Germany,Germany,Germany,German,DATA_EXPIRED,DATA_EXPIRED,
65772e33ed0ddf885a626695,65539049fb7f10447116344b,APPROVED,2023-12-11T15:43:55.209000Z,2023-12-11T16:48:36.471000Z,2023-12-11T16:48:37.235000Z,2023-12-11T16:48:37.156469Z,3882.0,C1O1B8DE,22,"Bengali, English, German",37,Male,Asian,Bangladesh,Germany,Bangladesh,English,No,Full-Time,
65772e35ba9d0e428de89ff0,6524e0ef44178670528207b7,APPROVED,2023-12-11T15:44:01.262000Z,2023-12-11T16:02:07.825000Z,2023-12-11T16:02:08.467000Z,2023-12-11T16:02:08.361521Z,1087.0,C1O1B8DE,25,"English, German, Turkish",23,Female,White,Turkey,Germany,Turkey,Turkish,Yes,Other,
65772e3acfe2cc57a1e0bd64,654e379c8578beb912aee2ff,APPROVED,2023-12-11T15:53:04.678000Z,2023-12-11T16:34:07.249000Z,2023-12-11T16:34:07.956000Z,2023-12-11T16:34:07.864304Z,2463.0,C1O1B8DE,47,"English, German",25,Male,White,Germany,Germany,Germany,German,Yes,Part-Time,
65772e3d1780916ea8ef27c6,615452aaabb932ada88ef3ca,APPROVED,2023-12-11T15:43:57.766000Z,2023-12-11T16:54:10.381000Z,2023-12-11T16:54:10.921000Z,2023-12-11T16:54:10.850558Z,4213.0,C1O1B8DE,716,"English, German",34,Male,White,Germany,Germany,Germany,German,No,Full-Time,
65772e41f9cf747f53a6f3d7,655f017761462616d393ed61,APPROVED,2023-12-11T15:47:43.406000Z,2023-12-11T16:27:50.654000Z,2023-12-11T16:27:51.462000Z,2023-12-11T16:27:51.408672Z,2408.0,C1O1B8DE,32,"English, German, Spanish",26,Female,White,Germany,Germany,Germany,German,Yes,Full-Time,
65772e42ad54d2bd605ebbcd,651f003609736cc7a85d4328,APPROVED,2023-12-11T15:44:02.726000Z,2023-12-11T16:15:01.501000Z,2023-12-11T16:15:02.311000Z,2023-12-11T16:15:02.242234Z,1859.0,C1O1B8DE,20,"German, English",19,Male,White,Germany,Germany,Germany,German,Yes,Other,
65772e44e0625743f38fcf54,6572deb3c978dbcde1a8106c,APPROVED,2023-12-11T15:44:04.029000Z,2023-12-11T16:11:32.886000Z,2023-12-11T16:11:33.826000Z,2023-12-11T16:11:33.778322Z,1649.0,C1O1B8DE,2,"German, English",29,Male,White,Germany,Germany,Germany,German,No,Full-Time,
65772e47cfe2cc57a1e0bd67,65674761184f5501367c963d,APPROVED,2023-12-11T15:44:35.436000Z,2023-12-11T16:14:03.060000Z,2023-12-11T16:14:03.712000Z,2023-12-11T16:14:03.629741Z,1768.0,C1O1B8DE,19,"English, German",23,Female,White,Germany,Germany,Germany,German,No,Unemployed (and job seeking),
65772e4b41085149bc8e65b1,6526a2a40ce1608344c552bc,APPROVED,2023-12-11T15:45:05.641000Z,2023-12-11T17:12:22.700000Z,2023-12-11T17:12:23.219000Z,2023-12-11T17:12:23.149954Z,5238.0,C1O1B8DE,92,"German, Turkish, English",31,Female,Asian,Austria,Germany,Austria,Turkish,No,Full-Time,
65772e4bcfe2cc57a1e0bd69,5be95af71ca46b0001862746,APPROVED,2023-12-11T15:44:50.939000Z,2023-12-11T16:18:45.734000Z,2023-12-11T16:18:46.323000Z,2023-12-11T16:18:46.225890Z,2035.0,C1O1B8DE,1747,"German, English",48,Male,White,Germany,Germany,Germany,German,No,Full-Time,
65772e4de7696d2a96dad68d,653916355709faa03524b0df,APPROVED,2023-12-11T15:44:13.146000Z,2023-12-11T16:24:21.567000Z,2023-12-11T16:24:22.098000Z,2023-12-11T16:24:22.047653Z,2409.0,C1O1B8DE,45,"English, German",33,Male,White,Germany,Germany,Germany,German,No,Part-Time,
65772e5054cf1980b085939f,638e2654a069e9c741d21ce3,APPROVED,2023-12-11T15:44:29.165000Z,2023-12-11T16:16:06.671000Z,2023-12-11T16:16:09.223000Z,2023-12-11T16:16:07.244332Z,1898.0,C1O1B8DE,191,"English, German, Chinese, French, Other, Russian",26,Female,Asian,Kazakhstan,Germany,Kazakhstan,Russian,Yes,Unemployed (and job seeking),
65772e536d19335628963752,652d1a0830b934d1643b80c5,APPROVED,2023-12-11T15:53:08.306000Z,2023-12-11T16:28:34.328000Z,2023-12-11T16:28:34.841000Z,2023-12-11T16:28:34.783150Z,2127.0,C1O1B8DE,63,"German, English",32,Male,White,Germany,Germany,Germany,German,Yes,"Not in paid work (e.g. homemaker', 'retired or disabled)",
65772e54cc94218991de234e,5d43c606773d8b00016eaa8a,APPROVED,2023-12-11T15:45:16.195000Z,2023-12-11T16:25:58.260000Z,2023-12-11T16:25:58.788000Z,2023-12-11T16:25:58.720313Z,2443.0,C1O1B8DE,1686,"German, English",51,Female,White,Germany,Germany,Germany,German,No,Part-Time,
65772e58b740a6e2d2bced12,63eb7c1abdbdf911ec1201ab,APPROVED,2023-12-11T15:44:41.205000Z,2023-12-11T16:20:08.073000Z,2023-12-11T16:20:08.648000Z,2023-12-11T16:20:08.585103Z,2127.0,C1O1B8DE,299,"English, German",24,Male,White,Germany,Germany,Germany,German,No,Full-Time,
65772e5ebde405e8cb728f42,65391c7ecf65866247606910,APPROVED,2023-12-11T15:44:30.463000Z,2023-12-11T16:11:42.836000Z,2023-12-11T16:11:43.749000Z,2023-12-11T16:11:43.661802Z,1633.0,C1O1B8DE,77,"English, German",32,Male,White,Germany,Germany,Germany,German,No,Part-Time,
65772e60552c07d98ac5db5a,631f3fde43831da4ae27754b,APPROVED,2023-12-11T15:44:36.821000Z,2023-12-11T16:01:14.428000Z,2023-12-11T16:01:15.183000Z,2023-12-11T16:01:15.126686Z,998.0,C1O1B8DE,356,"English, German",34,Female,White,Germany,Germany,Germany,German,No,Full-Time,
65772e6430d2ba5a3c78dcff,6516d4259c30f249ac643d4b,APPROVED,2023-12-11T15:45:57.634000Z,2023-12-11T16:18:05.478000Z,2023-12-11T16:18:06.259000Z,2023-12-11T16:18:06.171831Z,1928.0,C1O1B8DE,82,"English, German",29,Female,White,Germany,Germany,Germany,German,Yes,DATA_EXPIRED,
65772e67ff15e1055f38e8f8,6427068bce4fc1aa335ad025,APPROVED,2023-12-11T15:51:12.333000Z,2023-12-11T16:42:56.777000Z,2023-12-11T16:42:57.407000Z,2023-12-11T16:42:57.341925Z,3105.0,C1O1B8DE,305,"German, English",28,Male,White,Germany,Germany,Germany,German,DATA_EXPIRED,DATA_EXPIRED,
65772e67cc94218991de2356,650c02a928518783a1b963fd,APPROVED,2023-12-11T15:44:49.648000Z,2023-12-11T16:43:17.002000Z,2023-12-11T16:43:17.814000Z,2023-12-11T16:43:17.758151Z,3508.0,C1O1B8DE,96,"English, German",31,Male,White,Germany,Germany,Germany,German,Yes,Part-Time,
65772e6a4bf898494ead9fe5,6518e333bba544ebf169f41b,APPROVED,2023-12-11T15:44:45.610000Z,2023-12-11T16:14:42.840000Z,2023-12-11T16:14:43.517000Z,2023-12-11T16:14:43.429708Z,1798.0,C1O1B8DE,70,"German, English",33,Male,White,Germany,Germany,Germany,German,No,Unemployed (and job seeking),
65772e72f749625334860f7d,6458f51ce9dfaceaf66923b7,APPROVED,2023-12-11T15:48:02.300000Z,2023-12-11T16:03:41.479000Z,2023-12-11T16:03:42.065000Z,2023-12-11T16:03:42.020735Z,940.0,C1O1B8DE,357,"German, English",30,Male,White,Germany,Germany,Germany,German,No,Full-Time,
65772e7aeff58fc8a7e4784c,654b4a0e936bc8d3c57bfbf0,APPROVED,2023-12-11T15:44:58.411000Z,2023-12-11T16:13:07.675000Z,2023-12-11T16:13:08.179000Z,2023-12-11T16:13:08.119293Z,1690.0,C1O1B8DE,59,"English, German",52,Male,White,Germany,Germany,Germany,German,No,Full-Time,
65772e7ee0e75b8ec152ddce,5b0a869f1e55760001b93fa3,APPROVED,2023-12-11T15:45:04.332000Z,2023-12-11T15:55:19.574000Z,2023-12-11T15:55:20.134000Z,2023-12-11T15:55:20.061999Z,616.0,C1O1B8DE,1370,"English, French, German",40,Male,White,Germany,Germany,Germany,German,No,Full-Time,
65772e809d8397f21349bfa9,65182c5a0cadd3291661b9e0,APPROVED,2023-12-11T15:45:04.565000Z,2023-12-11T16:03:13.323000Z,2023-12-11T16:03:13.895000Z,2023-12-11T16:03:13.843816Z,1089.0,C1O1B8DE,98,"German, English",18,Male,White,Germany,Germany,Germany,German,No,Full-Time,
65772e81f5be38051e4d1218,6516d4029952afb87476bf34,APPROVED,2023-12-11T15:45:16.231000Z,2023-12-11T16:16:08.487000Z,2023-12-11T16:16:14.345000Z,2023-12-11T16:16:09.245803Z,1853.0,C1O1B8DE,58,"English, German",35,Prefer not to say,White,Germany,Germany,Germany,German,Yes,Full-Time,
65772e8558bc9b768ae5306e,64ef6d994d6b1f11074bdfcf,APPROVED,2023-12-11T15:45:09.893000Z,2023-12-11T16:07:19.462000Z,2023-12-11T16:07:20.079000Z,2023-12-11T16:07:19.968479Z,1330.0,C1O1B8DE,138,"English, German",26,Male,White,Germany,Germany,Germany,German,No,Full-Time,
65772e8d686eade390669da2,60fe7985ba99343ad0b893b7,APPROVED,2023-12-11T15:45:23.521000Z,2023-12-11T16:13:24.768000Z,2023-12-11T16:13:25.427000Z,2023-12-11T16:13:25.343522Z,1682.0,C1O1B8DE,901,"English, German",23,Female,White,Germany,Germany,Germany,German,Yes,Part-Time,
65772e8e1780916ea8ef27d9,6568ad4a9ad5cefdb6e70dc7,APPROVED,2023-12-11T15:47:36.873000Z,2023-12-11T16:16:19.684000Z,2023-12-11T16:16:20.300000Z,2023-12-11T16:16:20.241447Z,1723.0,C1O1B8DE,20,"German, English",29,Female,White,Germany,Germany,Germany,German,No,Part-Time,
65772e915dc74943ceac867b,651d789e7d36a58fab803b09,APPROVED,2023-12-11T15:45:32.406000Z,2023-12-11T16:23:12.687000Z,2023-12-11T16:23:13.368000Z,2023-12-11T16:23:13.310888Z,2261.0,C1O1B8DE,78,"Urdu, English, German",28,Female,Asian,Pakistan,Germany,Pakistan,English,No,Full-Time,
65772e9e24f4c6b6f4a028c3,60513ec07ee46769ed029be4,APPROVED,2023-12-11T15:45:34.502000Z,2023-12-11T16:30:41.661000Z,2023-12-11T16:30:42.263000Z,2023-12-11T16:30:42.168374Z,2708.0,C1O1B8DE,1821,"German, English",35,Male,White,United States,Germany,Germany,German,No,Full-Time,
65772e9fa7705a1c7bc14323,6565f2ba13586fa869dd3b28,APPROVED,2023-12-11T15:46:10.727000Z,2023-12-11T16:18:11.659000Z,2023-12-11T16:18:12.248000Z,2023-12-11T16:18:12.182321Z,1921.0,C1O1B8DE,26,"English, German",31,Female,White,Germany,Germany,Germany,German,No,Part-Time,
65772eb3150629edfb9e29ae,6516d321ac5a66a7aef87507,APPROVED,2023-12-11T15:45:58.932000Z,2023-12-11T16:13:06.578000Z,2023-12-11T16:13:07.466000Z,2023-12-11T16:13:07.376602Z,1628.0,C1O1B8DE,95,"English, German",26,Male,Mixed,Hong Kong,Germany,Germany,English,Yes,Part-Time,
65772ec3b740a6e2d2bced2e,5bf4033ff719c9000153d38e,APPROVED,2023-12-11T15:46:49.272000Z,2023-12-11T16:16:03.063000Z,2023-12-11T16:16:03.791000Z,2023-12-11T16:16:03.746021Z,1754.0,C1O1B8DE,679,German,58,Male,White,Germany,Germany,Germany,German,No,Other,
65772ec585b032304249bfff,63c54053d14cc248d3bffebd,APPROVED,2023-12-11T15:46:19.125000Z,2023-12-11T16:27:47.054000Z,2023-12-11T16:27:52.678000Z,2023-12-11T16:27:47.599629Z,2488.0,C1O1B8DE,288,"English, German, Turkish",25,Male,Other,Turkey,Germany,DATA_EXPIRED,Turkish,Yes,DATA_EXPIRED,
65772ecf35dfeb63e8dfcd75,611ba1976cd48fdde1f9edd3,APPROVED,2023-12-11T15:46:30.222000Z,2023-12-11T16:21:18.090000Z,2023-12-11T16:21:18.569000Z,2023-12-11T16:21:18.530026Z,2088.0,C1O1B8DE,848,"English, French, German",23,Female,White,Austria,Germany,Austria,German,Yes,Part-Time,
65772ed2883f82fade4ff650,650c42b04e90f6c176d20f48,APPROVED,2023-12-11T15:46:26.921000Z,2023-12-11T16:14:53.496000Z,2023-12-11T16:14:53.996000Z,2023-12-11T16:14:53.941563Z,1707.0,C1O1B8DE,107,"English, German, Turkish",22,Male,White,Germany,Germany,Germany,German,Yes,Other,
65772ee1883f82fade4ff65f,59a426b35fd74b0001abfa4f,APPROVED,2023-12-11T15:46:45.130000Z,2023-12-11T16:02:54.139000Z,2023-12-11T16:02:55.024000Z,2023-12-11T16:02:54.972308Z,970.0,C1O1B8DE,1679,"English, German",41,Female,White,Germany,Germany,Germany,German,No,Full-Time,
65772ef6f168738c258fd034,6480b160d51d051b42f67b3d,APPROVED,2023-12-11T15:47:05.472000Z,2023-12-11T16:21:29.355000Z,2023-12-11T16:21:30.356000Z,2023-12-11T16:21:30.292829Z,2064.0,C1O1B8DE,196,"English, German",22,Male,White,Germany,Germany,Germany,German,Yes,Other,
65772efb5da68ea8c9dfce1e,5aad4225811b2000016f6ed1,APPROVED,2023-12-11T15:47:29.789000Z,2023-12-11T16:04:45.076000Z,2023-12-11T16:04:45.675000Z,2023-12-11T16:04:45.584834Z,1036.0,C1O1B8DE,840,"English, German",35,Male,White,Germany,Germany,Germany,German,No,Full-Time,
65772f146358eaa150b3b4f8,5e9f28299286a70a21369a87,APPROVED,2023-12-11T15:47:35.704000Z,2023-12-11T16:15:28.534000Z,2023-12-11T16:15:34.222000Z,2023-12-11T16:15:29.138455Z,1673.0,C1O1B8DE,286,"English, German",37,Female,Mixed,Germany,Germany,Germany,German,DATA_EXPIRED,Part-Time,
65772f5ff1b6c026065f0365,64369636de5954c6029e89b4,APPROVED,2023-12-11T15:49:31.584000Z,2023-12-11T16:39:04.116000Z,2023-12-11T16:39:04.837000Z,2023-12-11T16:39:04.770832Z,2973.0,C1O1B8DE,247,"Arabic, English, German",28,Female,White,Syrian Arab Republic,Germany,Syrian Arab Republic,Arabic,No,Part-Time,
65772f6f3045ff121178dddd,604d17eb4931a500d6e0a3d3,APPROVED,2023-12-11T15:49:11.353000Z,2023-12-11T16:23:12.962000Z,2023-12-11T16:23:18.610000Z,2023-12-11T16:23:13.515492Z,2042.0,C1O1B8DE,875,"English, German",61,Female,White,Germany,Germany,Germany,German,DATA_EXPIRED,DATA_EXPIRED,
65772f828a8e61c36a1e9f98,6519d311acb10856b9cff800,APPROVED,2023-12-11T15:50:04.570000Z,2023-12-11T16:22:42.242000Z,2023-12-11T16:22:42.932000Z,2023-12-11T16:22:42.884954Z,1958.0,C1O1B8DE,4,"English, German",24,Male,White,Germany,Germany,Germany,German,Yes,Full-Time,
65772f89ad54d2bd605ebc22,655906b1346b2b209cd19772,APPROVED,2023-12-11T15:49:32.601000Z,2023-12-11T16:12:06.459000Z,2023-12-11T16:12:07.070000Z,2023-12-11T16:12:06.961525Z,1354.0,C1O1B8DE,27,"English, German",37,Male,White,Germany,Germany,Germany,German,No,Full-Time,
65772f9835dfeb63e8dfcdb5,653671ae2ac8d502b52b1bb3,APPROVED,2023-12-11T15:49:58.582000Z,2023-12-11T16:13:47.783000Z,2023-12-11T16:13:48.473000Z,2023-12-11T16:13:48.410058Z,1430.0,C1O1B8DE,63,"German, English",29,Male,White,Germany,Germany,Germany,German,No,Full-Time,
65772fb59f99d7200daa331e,5c9fd46cfd19090012b4ac8b,APPROVED,2023-12-11T15:50:29.355000Z,2023-12-11T16:28:18.294000Z,2023-12-11T16:28:18.792000Z,2023-12-11T16:28:18.740869Z,2269.0,C1O1B8DE,701,"English, German",30,Female,White,Germany,Germany,Germany,German,DATA_EXPIRED,DATA_EXPIRED,
65772fc5c48ba054cabcede2,6571d06ee2f60c04ca775e78,APPROVED,2023-12-11T15:50:34.591000Z,2023-12-11T16:29:11.346000Z,2023-12-11T16:29:12.104000Z,2023-12-11T16:29:12.026241Z,2317.0,C1O1B8DE,0,"English, German",25,Female,White,Germany,Germany,Germany,German,No,Unemployed (and job seeking),
65772fd14fd5cf23f852dff6,651758fd2a0e6965260a89fc,APPROVED,2023-12-11T15:50:48.770000Z,2023-12-11T16:30:12.715000Z,2023-12-11T16:30:13.359000Z,2023-12-11T16:30:13.274115Z,2364.0,C1O1B8DE,0,"English, German",27,Female,White,Germany,Germany,Germany,German,Yes,Full-Time,
65772fddb740a6e2d2bced8c,60fd15295d6b2a3711cafbd2,APPROVED,2023-12-11T15:50:57.190000Z,2023-12-11T16:15:43.006000Z,2023-12-11T16:15:43.554000Z,2023-12-11T16:15:43.492219Z,1486.0,C1O1B8DE,265,"English, German",21,Female,White,Germany,Germany,Germany,German,Yes,Unemployed (and job seeking),
65773001ed0ddf885a62673c,5dd08cf019eecb169dc131ba,APPROVED,2023-12-11T15:51:34.443000Z,2023-12-11T16:33:16.945000Z,2023-12-11T16:33:17.664000Z,2023-12-11T16:33:17.605796Z,2503.0,C1O1B8DE,1371,German,37,Female,White,Germany,Germany,Germany,German,No,Full-Time,
657730271a6e76ee2ed01fde,6517e9bc213462dc2254bd24,APPROVED,2023-12-11T15:52:12.228000Z,2023-12-11T16:28:38.196000Z,2023-12-11T16:28:38.743000Z,2023-12-11T16:28:38.682804Z,2186.0,C1O1B8DE,25,"English, German",36,Male,White,Germany,Germany,Germany,German,No,Full-Time,
657730301ce6bddf31451847,5ebe6e4a226f3b1c53cd0626,APPROVED,2023-12-11T15:52:16.903000Z,2023-12-11T16:22:04.769000Z,2023-12-11T16:22:05.290000Z,2023-12-11T16:22:05.222181Z,1788.0,C1O1B8DE,1867,"English, German",43,Male,Mixed,Germany,Germany,Germany,German,No,Part-Time,
6577303c695ea8a8f61f928f,63d02bd28e37a2abe1006c61,APPROVED,2023-12-11T15:52:31.830000Z,2023-12-11T16:35:05.345000Z,2023-12-11T16:35:06.155000Z,2023-12-11T16:35:06.063405Z,2554.0,C1O1B8DE,182,"English, German, Polish",21,Male,White,Poland,Germany,Poland,Polish,No,Full-Time,
6577304223e406c99e1f9257,6384d76e3da4c98dc29e390b,APPROVED,2023-12-11T16:00:57.524000Z,2023-12-11T16:40:57.177000Z,2023-12-11T16:40:57.833000Z,2023-12-11T16:40:57.768789Z,2400.0,C1O1B8DE,303,"English, German, Spanish",25,Female,Mixed,Ecuador,Germany,Germany,Spanish,Yes,DATA_EXPIRED,
6577307429ce17e5554518e9,650ff7a187874a12d765b5ef,APPROVED,2023-12-11T15:53:30.713000Z,2023-12-11T16:11:44.577000Z,2023-12-11T16:11:45.175000Z,2023-12-11T16:11:45.098337Z,1094.0,C1O1B8DE,35,"German, English",33,Male,White,Germany,Germany,Germany,German,No,DATA_EXPIRED,
65773090cd3dcd1942ec188a,65170d2924df1aca5e1b075b,APPROVED,2023-12-11T15:54:43.670000Z,2023-12-11T16:12:11.277000Z,2023-12-11T16:12:11.913000Z,2023-12-11T16:12:11.848656Z,1048.0,C1O1B8DE,135,"English, German",30,Male,White,Germany,Germany,Germany,German,No,Full-Time,
657730ac2936975b44ac859b,646219bb0b91a6f3327e39fb,APPROVED,2023-12-11T16:00:54.448000Z,2023-12-11T17:03:39.805000Z,2023-12-11T17:03:40.273000Z,2023-12-11T17:03:40.220315Z,3766.0,C1O1B8DE,264,"German, English",32,Female,Mixed,Germany,Germany,Germany,German,No,Full-Time,
6577310ea90ee628f09e2ba0,6517283ed2294dbc8561979d,APPROVED,2023-12-11T15:56:01.493000Z,2023-12-11T16:16:17.214000Z,2023-12-11T16:16:18.160000Z,2023-12-11T16:16:18.094664Z,1216.0,C1O1B8DE,53,"German, English",36,Male,White,Germany,Germany,Germany,German,No,Full-Time,
6577312c0a1bac01b36075d5,6536973604f263f3c70495bf,APPROVED,2023-12-11T15:57:57.862000Z,2023-12-11T16:35:55.938000Z,2023-12-11T16:35:56.481000Z,2023-12-11T16:35:56.419804Z,2279.0,C1O1B8DE,100,"English, German",30,Male,White,Germany,Germany,Germany,German,Yes,Full-Time,
65773152f9cf747f53a6f4c6,65367487f0d1c1607d3665c9,APPROVED,2023-12-11T15:57:11.587000Z,2023-12-11T16:22:44.008000Z,2023-12-11T16:22:44.722000Z,2023-12-11T16:22:44.663822Z,1533.0,C1O1B8DE,63,"English, German, Turkish",47,Male,Mixed,Germany,Germany,Germany,German,No,Full-Time,
65773166b92693238100b16f,6039b30f86b21c537bfb9448,APPROVED,2023-12-11T15:57:29.391000Z,2023-12-11T16:23:40.773000Z,2023-12-11T16:23:41.334000Z,2023-12-11T16:23:41.237373Z,1572.0,C1O1B8DE,434,"English, German",29,Male,White,Germany,Germany,Switzerland,German,Yes,Full-Time,
65773171cc94218991de2427,656c50a4c053d63a280ad6d0,APPROVED,2023-12-11T15:57:46.504000Z,2023-12-11T16:15:28.520000Z,2023-12-11T16:15:29.150000Z,2023-12-11T16:15:29.082451Z,1063.0,C1O1B8DE,1,German,25,Female,Other,Turkey,Germany,Turkey,Turkish,Yes,Part-Time,
6577319024f4c6b6f4a029d3,654a45fc528885d395cd5cab,APPROVED,2023-12-11T15:58:11.806000Z,2023-12-11T16:29:04.997000Z,2023-12-11T16:29:05.607000Z,2023-12-11T16:29:05.560878Z,1854.0,C1O1B8DE,10,"English, German, Turkish",30,Female,White,Turkey,Germany,Turkey,Turkish,Yes,Part-Time,
657731bca90ee628f09e2bca,650c2a3e5ae50ab8668448de,APPROVED,2023-12-11T15:58:52.902000Z,2023-12-11T16:44:09.452000Z,2023-12-11T16:44:10.124000Z,2023-12-11T16:44:10.056426Z,2717.0,C1O1B8DE,99,"English, German",29,Male,White,Germany,Germany,Germany,German,No,"Not in paid work (e.g. homemaker', 'retired or disabled)",
657731ffd03d0fc53a3247f2,653bb9c18fa69d049372d45f,APPROVED,2023-12-11T16:08:21.583000Z,2023-12-11T16:56:15.229000Z,2023-12-11T16:56:15.809000Z,2023-12-11T16:56:15.719377Z,2874.0,C1O1B8DE,8,"English, German, Turkish",23,Male,White,Turkey,Germany,Turkey,Turkish,Yes,Part-Time,
6577321ea90ee628f09e2bf7,653adf50c2b4d95715fa0383,APPROVED,2023-12-11T16:00:42.275000Z,2023-12-11T17:45:18.259000Z,2023-12-11T17:45:18.890000Z,2023-12-11T17:45:18.787571Z,6276.0,C1O1B8DE,38,"Turkish, German",31,Male,Other,Turkey,Germany,Turkey,Turkish,No,Unemployed (and job seeking),
6577324ca90ee628f09e2c06,6521569041baced19add37bc,APPROVED,2023-12-11T16:01:20.799000Z,2023-12-11T16:22:25.028000Z,2023-12-11T16:22:25.661000Z,2023-12-11T16:22:25.521802Z,1265.0,C1O1B8DE,65,"English, German",24,Female,White,Germany,Germany,Germany,German,Yes,Part-Time,
6577325041967968f90ceb35,5da727bfc2a70a0011a128e0,APPROVED,2023-12-11T16:01:24.486000Z,2023-12-11T16:43:12.425000Z,2023-12-11T16:43:13.021000Z,2023-12-11T16:43:12.936379Z,2508.0,C1O1B8DE,1459,"German, English",61,Female,White,Germany,Germany,Germany,German,No,"Not in paid work (e.g. homemaker', 'retired or disabled)",
6577327070656c3c47d02274,5de81f0edb424d7965702d2d,APPROVED,2023-12-11T16:01:55.068000Z,2023-12-11T16:19:33.071000Z,2023-12-11T16:19:33.532000Z,2023-12-11T16:19:33.474733Z,1059.0,C1O1B8DE,729,"English, German, Tamil",33,Male,Asian,Germany,Germany,India,Tamil,DATA_EXPIRED,DATA_EXPIRED,
65773276709af5dc494d142a,645b8b2128bbb68d29778068,APPROVED,2023-12-11T16:02:18.891000Z,2023-12-11T17:09:00.943000Z,2023-12-11T17:09:01.507000Z,2023-12-11T17:09:01.425779Z,4003.0,C1O1B8DE,359,"English, Dutch, German, Spanish, Swedish, Turkish, Danish",20,Female,Mixed,Turkey,Germany,Turkey,Turkish,Yes,Part-Time,
6577327e4bf898494eada157,64fee13e6324ea4884bcc9db,APPROVED,2023-12-11T16:02:43.331000Z,2023-12-11T16:17:45.140000Z,2023-12-11T16:17:45.719000Z,2023-12-11T16:17:45.663694Z,902.0,C1O1B8DE,88,"German, English",32,Male,White,Germany,Germany,Germany,German,Yes,Full-Time,
65773288307b28b9a9ec1a10,64f1e6cd05138cd766340792,APPROVED,2023-12-11T16:02:28.412000Z,2023-12-11T16:24:18.817000Z,2023-12-11T16:24:19.395000Z,2023-12-11T16:24:19.318971Z,1311.0,C1O1B8DE,19,"English, German",21,Male,White,Germany,Germany,Germany,German,Yes,Other,
657732bd433f04c772b2d79e,63eb38339e72d01818aeb71b,APPROVED,2023-12-11T16:03:14.637000Z,2023-12-11T16:14:15.219000Z,2023-12-11T16:14:20.861000Z,2023-12-11T16:14:15.789875Z,661.0,C1O1B8DE,551,"German, English",35,Male,White,Germany,Germany,Germany,German,No,Full-Time,
657732cba572938e2eeaf772,6505c50f48dfd793a7787b8a,APPROVED,2023-12-11T16:04:41.287000Z,2023-12-11T16:49:39.805000Z,2023-12-11T16:49:40.317000Z,2023-12-11T16:49:40.241455Z,2699.0,C1O1B8DE,168,"German, English, Esperanto",28,Female,White,Germany,Germany,Germany,German,Yes,Part-Time,
657733211e266378721a6399,65313217ba43953a5e06fcae,APPROVED,2023-12-11T16:05:01.721000Z,2023-12-11T16:37:17.145000Z,2023-12-11T16:37:17.788000Z,2023-12-11T16:37:17.708394Z,1936.0,C1O1B8DE,70,"German, Turkish, English",31,Male,White,Turkey,Germany,Turkey,Turkish,Yes,Full-Time,
6577337004a2bc247f933945,6571e455af2e5eae9adea54a,APPROVED,2023-12-11T16:06:25.561000Z,2023-12-11T16:44:10.775000Z,2023-12-11T16:44:11.412000Z,2023-12-11T16:44:11.306869Z,2266.0,C1O1B8DE,4,German,22,Male,Asian,Germany,Germany,Germany,German,Yes,Full-Time,
6577337bcfae22a35f3cddcf,63c33a62f56571779a295a6f,APPROVED,2023-12-11T16:11:28.296000Z,2023-12-11T16:36:39.335000Z,2023-12-11T16:36:39.789000Z,2023-12-11T16:36:39.723312Z,1512.0,C1O1B8DE,795,"English, German",34,Female,White,Germany,Germany,Germany,German,DATA_EXPIRED,Full-Time,
657733ab5dd3cef03025d2b8,6123c4f8e486767a57db9afe,APPROVED,2023-12-11T16:07:11.474000Z,2023-12-11T16:28:20.818000Z,2023-12-11T16:28:21.498000Z,2023-12-11T16:28:21.424124Z,1270.0,C1O1B8DE,696,"German, English",30,Female,White,Germany,Germany,Germany,German,No,Unemployed (and job seeking),
657733b00ed241ca9d1d410b,604b169fe4b7991ec08da3a6,APPROVED,2023-12-11T16:07:12.531000Z,2023-12-11T17:13:17.635000Z,2023-12-11T17:13:18.213000Z,2023-12-11T17:13:18.123469Z,3966.0,C1O1B8DE,2347,"English, German",32,Male,White,Russian Federation,Germany,Germany,German,No,Full-Time,
657733cc065cbd6df1e83c81,653d060aaf01dfc1443ad299,APPROVED,2023-12-11T16:07:51.634000Z,2023-12-11T16:24:06.051000Z,2023-12-11T16:24:06.638000Z,2023-12-11T16:24:06.583954Z,975.0,C1O1B8DE,65,"German, English, Turkish",30,Male,Asian,Germany,Germany,Germany,German,Yes,Full-Time,
657733e20bc638285e34ae08,650a5cc55e8ddf8bae0b81fb,APPROVED,2023-12-11T16:08:05.670000Z,2023-12-11T16:30:26.445000Z,2023-12-11T16:30:27.093000Z,2023-12-11T16:30:27.003710Z,1341.0,C1O1B8DE,53,"English, German",38,Male,White,Germany,Germany,Germany,German,Yes,Other,
657733e500f75773615d3007,640b7f3428d986ad3da9ebcf,APPROVED,2023-12-11T16:08:18.158000Z,2023-12-11T16:26:18.891000Z,2023-12-11T16:26:19.508000Z,2023-12-11T16:26:19.445218Z,1081.0,C1O1B8DE,308,"German, English",24,Female,White,Germany,Germany,Germany,German,No,Due to start a new job within the next month,
657734104efbe5a747d4302f,5ed0f0bb34177d0009582f38,APPROVED,2023-12-11T16:08:52.826000Z,2023-12-11T17:08:32.888000Z,2023-12-11T17:08:33.524000Z,2023-12-11T17:08:33.474092Z,3581.0,C1O1B8DE,864,"English, German",DATA_EXPIRED,Female,White,Germany,Germany,Germany,German,DATA_EXPIRED,Part-Time,
6577343304c0e2c2af825834,604d26915c5dc2a98d18c7fd,APPROVED,2023-12-11T16:10:03.465000Z,2023-12-11T16:39:45.541000Z,2023-12-11T16:39:46.069000Z,2023-12-11T16:39:45.989378Z,1783.0,C1O1B8DE,1128,"English, German",23,Male,White,Germany,Germany,Germany,German,No,Full-Time,
6577346c1b6a1c3f053015e4,5dd5855018beb6544df7f797,APPROVED,2023-12-11T16:10:23.737000Z,2023-12-11T16:50:36.569000Z,2023-12-11T16:50:37.063000Z,2023-12-11T16:50:36.987858Z,2413.0,C1O1B8DE,114,"English, German",32,Male,DATA_EXPIRED,Germany,Germany,Germany,German,DATA_EXPIRED,DATA_EXPIRED,
6577347608c9337023028343,65526268c396c0c75dcefdf2,APPROVED,2023-12-11T16:13:16.286000Z,2023-12-11T17:53:22.772000Z,2023-12-11T17:53:23.382000Z,2023-12-11T17:53:23.318499Z,6007.0,C1O1B8DE,19,"English, German, Turkish",29,Female,White,Turkey,Germany,Turkey,Turkish,Yes,Full-Time,
6577347bd87353f9829afc1f,6559eb6c636ef499cb5e1f85,APPROVED,2023-12-11T16:12:55.231000Z,2023-12-11T17:01:54.825000Z,2023-12-11T17:01:55.820000Z,2023-12-11T17:01:55.766582Z,2940.0,C1O1B8DE,23,"German, English",19,Male,White,Germany,Germany,Germany,German,Yes,Full-Time,
657734de31e955290374e49c,653be644c2d5f2b6d285699e,APPROVED,2023-12-11T16:13:03.409000Z,2023-12-11T16:28:02.362000Z,2023-12-11T16:28:02.924000Z,2023-12-11T16:28:02.848569Z,899.0,C1O1B8DE,30,German,28,Female,White,Germany,Germany,Germany,German,No,Other,
657734f700f75773615d3060,5f298b2b7823df0a46e25d81,APPROVED,2023-12-11T16:12:46.299000Z,2023-12-11T16:49:01.377000Z,2023-12-11T16:49:01.882000Z,2023-12-11T16:49:01.823836Z,2176.0,C1O1B8DE,1009,"English, German",44,Female,White,Germany,Germany,Germany,German,No,Part-Time,
657735104efbe5a747d43077,6552628d0dfe6b458c390708,APPROVED,2023-12-11T16:13:23.923000Z,2023-12-11T17:24:45.559000Z,2023-12-11T17:24:46.129000Z,2023-12-11T17:24:46.057536Z,4282.0,C1O1B8DE,19,"English, German, Turkish",29,Male,White,Turkey,Germany,Turkey,Turkish,Yes,Other,
6577351b416d49943a267888,650455b9cde6207c1ebd732b,APPROVED,2023-12-11T16:16:30.722000Z,2023-12-11T16:59:37.204000Z,2023-12-11T16:59:37.767000Z,2023-12-11T16:59:37.687572Z,2587.0,C1O1B8DE,38,"English, German",20,Female,Other,Turkey,Germany,Turkey,Turkish,Yes,Other,
657735414c6bca843bcb2ab2,646b607e88557c2ff4f0de85,APPROVED,2023-12-11T16:13:56.569000Z,2023-12-11T17:05:10.710000Z,2023-12-11T17:05:11.334000Z,2023-12-11T17:05:11.279780Z,3075.0,C1O1B8DE,223,"English, German, Polish, Ukrainian, Russian",26,Female,White,Ukraine,Germany,Ukraine,Ukrainian,Yes,Part-Time,
6577355d176601a49f675060,629756625dc7cf458e36151f,APPROVED,2023-12-11T16:14:21.101000Z,2023-12-11T16:56:56.926000Z,2023-12-11T16:56:57.603000Z,2023-12-11T16:56:57.545469Z,2556.0,C1O1B8DE,332,"English, German",24,Male,White,Germany,Germany,Germany,German,Yes,Full-Time,
6577356dc598d85b1fb1e3e2,6505e770a24e4561f219381e,APPROVED,2023-12-11T16:14:42.786000Z,2023-12-11T17:28:45.135000Z,2023-12-11T17:28:45.701000Z,2023-12-11T17:28:45.637888Z,4443.0,C1O1B8DE,46,German,41,Male,White,Kazakhstan,Germany,Germany,German,No,Full-Time,
6577358e04a2bc247f9339e4,5fb42f807e81960acbfdb22e,APPROVED,2023-12-11T16:15:10.392000Z,2023-12-11T16:41:52.410000Z,2023-12-11T16:41:52.906000Z,2023-12-11T16:41:52.821753Z,1603.0,C1O1B8DE,617,"English, German",40,Male,White,Germany,Germany,Germany,German,DATA_EXPIRED,DATA_EXPIRED,
65773592f7b10bad5bc010e5,62ed054b4bf00da20ea22dc2,APPROVED,2023-12-11T16:15:40.859000Z,2023-12-11T16:41:19.856000Z,2023-12-11T16:41:20.797000Z,2023-12-11T16:41:20.743442Z,1539.0,C1O1B8DE,753,"German, English",24,Male,White,Germany,Germany,Germany,German,DATA_EXPIRED,Part-Time,
657735bfb3edb59930bd00e9,5debfbcc3a11682f0fae8b29,APPROVED,2023-12-11T16:15:59.208000Z,2023-12-11T17:21:10.415000Z,2023-12-11T17:21:10.923000Z,2023-12-11T17:21:10.868232Z,3912.0,C1O1B8DE,1225,"German, English",30,Male,White,Germany,Germany,Germany,German,Yes,Part-Time,
657735c722e4e8df196ef666,652680aaf06124cc46807a30,APPROVED,2023-12-11T16:19:01.994000Z,2023-12-11T16:55:14.744000Z,2023-12-11T16:55:15.504000Z,2023-12-11T16:55:15.414654Z,2173.0,C1O1B8DE,80,"English, German",46,Male,White,Germany,Germany,Germany,German,No,Full-Time,
657735e6a551eefdcd9fc6ba,603a80b01bb75f608c3dbb0d,APPROVED,2023-12-11T16:16:44.555000Z,2023-12-11T16:51:59.937000Z,2023-12-11T16:52:00.525000Z,2023-12-11T16:52:00.438928Z,2116.0,C1O1B8DE,838,"English, German, French",37,Male,White,Germany,Germany,Germany,German,No,Part-Time,
657736094c0c1b7f6ae0c557,652fe4a08d5ecae18fc4fe31,APPROVED,2023-12-11T16:24:26.382000Z,2023-12-11T16:57:46.204000Z,2023-12-11T16:57:46.787000Z,2023-12-11T16:57:46.710712Z,2000.0,C1O1B8DE,61,"Croatian, German, English",19,Female,White,Germany,Germany,Croatia,Croatian,Yes,Full-Time,
6577361ca2b33a364374ae0a,65410b3f1de864e712bb267d,APPROVED,2023-12-11T16:17:40.956000Z,2023-12-11T16:57:26.480000Z,2023-12-11T16:57:27.170000Z,2023-12-11T16:57:27.133114Z,2386.0,C1O1B8DE,47,"German, English",28,Male,White,Germany,Germany,Germany,German,Yes,Other,
6577362931e955290374e507,62c42b020ddc9564f77e2e24,APPROVED,2023-12-11T16:17:48.506000Z,2023-12-11T16:55:39.912000Z,2023-12-11T16:55:40.385000Z,2023-12-11T16:55:40.327347Z,2272.0,C1O1B8DE,544,"English, German",28,Female,White,Germany,Germany,Germany,German,Yes,Other,
657736457cc95d8a0cbc74b4,6053d1011605ac6f3164bc99,APPROVED,2023-12-11T16:18:13.082000Z,2023-12-11T17:00:14.757000Z,2023-12-11T17:00:15.481000Z,2023-12-11T17:00:15.416991Z,2522.0,C1O1B8DE,411,"English, German, Turkish, Spanish",26,Male,Other,Turkey,Germany,Turkey,Turkish,Yes,Part-Time,
65773653a551eefdcd9fc6d8,65170641ac562bb61fb8e647,APPROVED,2023-12-11T16:18:27.478000Z,2023-12-11T16:52:09.994000Z,2023-12-11T16:52:10.599000Z,2023-12-11T16:52:10.522414Z,2023.0,C1O1B8DE,81,"English, German",29,Male,White,Germany,Germany,Germany,German,No,Full-Time,
65773658785b9976bda072dc,62837113d02e5a491c699e3e,APPROVED,2023-12-11T16:18:54.661000Z,2023-12-11T16:35:44.127000Z,2023-12-11T16:35:44.647000Z,2023-12-11T16:35:44.587842Z,1010.0,C1O1B8DE,281,"English, German",33,Female,White,Germany,Germany,Germany,German,DATA_EXPIRED,DATA_EXPIRED,
65773690a7a91fe023f7c046,6536b3467fc9c8f7dbabcf51,APPROVED,2023-12-11T16:19:32.917000Z,2023-12-11T16:57:54.653000Z,2023-12-11T16:57:55.333000Z,2023-12-11T16:57:55.258393Z,2302.0,C1O1B8DE,34,"English, German, Polish, Turkish",29,Female,White,Germany,Germany,Germany,German,No,Other,
65773692f2f34ae235a07319,63b87d2c9edd47ad702413a1,APPROVED,2023-12-11T16:19:34.212000Z,2023-12-11T17:39:59.541000Z,2023-12-12T09:13:48.586000Z,2023-12-11T17:39:59.993933Z,4826.0,NOCODE,629,"English, German",24,Male,White,Germany,Germany,Germany,German,DATA_EXPIRED,DATA_EXPIRED,
657736962f380e9c53c08525,6554d1f1fda70c02063f51bd,APPROVED,2023-12-11T16:19:34.031000Z,2023-12-11T17:13:13.980000Z,2023-12-11T17:13:14.543000Z,2023-12-11T17:13:14.489130Z,3220.0,C1O1B8DE,33,German,63,Female,White,Germany,Germany,Germany,German,No,Part-Time,
657736ab9eb8a831fd6ef6bb,6525ab791fb0b3aaf866d7c7,APPROVED,2023-12-11T16:20:33.756000Z,2023-12-11T16:47:17.313000Z,2023-12-11T16:47:17.970000Z,2023-12-11T16:47:17.842459Z,1604.0,C1O1B8DE,84,"English, German, Italian, Swedish, Turkish",25,Male,White,Turkey,Germany,Turkey,Turkish,Yes,Part-Time,
657736b1d87353f9829afcb3,655b4ea3ab2c763e739cb199,APPROVED,2023-12-11T16:20:05.360000Z,2023-12-11T17:16:04.505000Z,2023-12-11T17:16:05.078000Z,2023-12-11T17:16:05.004435Z,3360.0,C1O1B8DE,13,"German, English",33,Male,White,Germany,Germany,Germany,German,No,Full-Time,
6577376f3c800b0d3b04db50,591a1f4800a5650001276188,APPROVED,2023-12-11T16:23:11.724000Z,2023-12-11T17:03:41.556000Z,2023-12-11T17:03:42.068000Z,2023-12-11T17:03:41.987422Z,2430.0,C1O1B8DE,2116,"English, German",39,Male,White,Germany,Germany,Germany,German,No,Full-Time,
65773771449de7b6b3c4d94f,655c754ee949a617a358b8c5,APPROVED,2023-12-11T16:23:18.653000Z,2023-12-11T16:41:00.710000Z,2023-12-11T16:41:01.267000Z,2023-12-11T16:41:01.194613Z,1063.0,C1O1B8DE,13,"English, German",20,Female,White,Germany,Germany,Germany,German,Yes,Other,
6577378a50a4ca9098a1a8d4,6304a2502fbdd7626ed9c2ac,APPROVED,2023-12-11T16:23:42.793000Z,2023-12-11T16:52:23.066000Z,2023-12-11T16:52:23.636000Z,2023-12-11T16:52:23.568065Z,1721.0,C1O1B8DE,676,"German, English, Spanish",23,Male,White,Germany,Germany,Germany,German,DATA_EXPIRED,Part-Time,
657737b1b30645d2abbc12b4,6543aeb6dd91d965fc3df508,APPROVED,2023-12-11T16:25:38.601000Z,2023-12-11T17:00:08.193000Z,2023-12-11T17:00:09.181000Z,2023-12-11T17:00:09.148556Z,2070.0,C1O1B8DE,43,"English, German, Spanish",25,Female,White,Spain,Germany,Spain,Spanish,No,Due to start a new job within the next month,
657737f5065cbd6df1e83da5,63eff552140a06bc34b52b1e,APPROVED,2023-12-11T16:27:49.753000Z,2023-12-11T17:04:51.837000Z,2023-12-11T17:04:52.369000Z,2023-12-11T17:04:52.306288Z,2223.0,C1O1B8DE,291,"German, English, Turkish",26,Male,White,Germany,Germany,Turkey,Turkish,Yes,Other,
65773815bfd51f0a0bd4310f,5e5832478c2b6f03f9acd234,APPROVED,2023-12-11T16:26:41.817000Z,2023-12-11T17:00:01.042000Z,2023-12-11T17:00:01.739000Z,2023-12-11T17:00:01.672938Z,2000.0,C1O1B8DE,902,"French, English, German",53,Male,White,Germany,Germany,France,German,No,Full-Time,
65773852a8aec3cdf94756c9,60207652caa62b6a34ff96dc,APPROVED,2023-12-11T16:26:58.971000Z,2023-12-11T16:53:52.823000Z,2023-12-11T16:53:53.346000Z,2023-12-11T16:53:53.286346Z,1614.0,C1O1B8DE,1664,"German, English",24,Male,White,Germany,Germany,Germany,German,DATA_EXPIRED,DATA_EXPIRED,
6577387b44ef6eb67e7f7d1d,610905a730569ffea2fbdd0b,APPROVED,2023-12-11T16:31:30.680000Z,2023-12-11T16:56:51.018000Z,2023-12-11T16:56:51.597000Z,2023-12-11T16:56:51.535039Z,1521.0,C1O1B8DE,1126,"German, English",26,Female,White,Germany,Germany,Germany,German,Yes,Part-Time,
65773893bb267faf0f63d41e,653d07d22dd9d12c6e7b8082,APPROVED,2023-12-11T16:28:12.257000Z,2023-12-11T16:50:26.796000Z,2023-12-11T16:50:27.400000Z,2023-12-11T16:50:27.347480Z,1335.0,C1O1B8DE,57,"English, German",26,Female,White,Germany,Germany,Germany,German,Yes,Part-Time,
65773899dde09eaa16475729,6538ef6ac2e74e7d85a136ca,APPROVED,2023-12-11T16:28:17.370000Z,2023-12-11T17:01:53.748000Z,2023-12-11T17:01:54.470000Z,2023-12-11T17:01:54.386936Z,2017.0,C1O1B8DE,9,"English, German, Indonesian",23,Male,Asian,Indonesia,Germany,Indonesia,Indonesian,Yes,Unemployed (and job seeking),
657738bf31e955290374e582,63b6be975097f6e31872fc0e,APPROVED,2023-12-11T16:28:47.794000Z,2023-12-11T16:51:54.264000Z,2023-12-11T16:51:54.767000Z,2023-12-11T16:51:54.698028Z,1387.0,C1O1B8DE,516,"English, German",27,Male,White,Germany,Germany,Germany,German,Yes,Part-Time,
657738c8ac8cf8b37fa20a0a,6544ea06d33e1704f993f76f,APPROVED,2023-12-11T16:28:56.661000Z,2023-12-11T17:02:02.189000Z,2023-12-11T17:02:02.778000Z,2023-12-11T17:02:02.709650Z,1986.0,C1O1B8DE,47,"German, English",19,Male,White,Germany,Germany,Germany,German,Yes,Other,
657738eb04a2bc247f933aee,5a942689b5e2110001c67d93,APPROVED,2023-12-11T16:35:00.651000Z,2023-12-11T16:48:02.375000Z,2023-12-11T16:48:02.906000Z,2023-12-11T16:48:02.837176Z,782.0,C1O1B8DE,1178,"English, German",33,Male,White,Germany,Germany,Germany,German,DATA_EXPIRED,DATA_EXPIRED,
65773908fa98243bbe352f61,651ec655d2ef1a3ba8e64470,APPROVED,2023-12-11T16:39:01.366000Z,2023-12-11T17:36:53.410000Z,2023-12-11T17:36:53.952000Z,2023-12-11T17:36:53.903897Z,3473.0,C1O1B8DE,46,"English, German",23,Male,White,Hungary,Germany,Hungary,Hungarian,Yes,DATA_EXPIRED,
657739ba723a0ee6286f9ec3,6569ffc2439eb88f22d4e8bc,APPROVED,2023-12-11T16:39:28.293000Z,2023-12-11T18:04:21.324000Z,2023-12-11T18:04:22.276000Z,2023-12-11T18:04:22.216796Z,5094.0,C1O1B8DE,15,"English, German",31,Male,White,Germany,Germany,Germany,German,No,Full-Time,
65773a48e051973e4d12e38b,65522df91d0bd93a77e6756a,APPROVED,2023-12-11T16:35:26.601000Z,2023-12-11T17:16:16.193000Z,2023-12-11T17:16:17.159000Z,2023-12-11T17:16:17.081532Z,2450.0,C1O1B8DE,11,"English, German",23,Male,White,Germany,Germany,Germany,German,Yes,DATA_EXPIRED,
65773a53a7a91fe023f7c123,6516d3c10cc8996984d514f4,APPROVED,2023-12-11T16:35:33.958000Z,2023-12-11T17:05:25.260000Z,2023-12-11T17:05:25.754000Z,2023-12-11T17:05:25.684201Z,1792.0,C1O1B8DE,32,"English, German",28,Male,Black,Nigeria,Germany,Nigeria,English,Yes,Part-Time,
65773b154c6bca843bcb2c3e,63fd0b137e38c72ea19176aa,APPROVED,2023-12-11T16:41:30.969000Z,2023-12-11T17:13:02.258000Z,2023-12-11T17:13:02.780000Z,2023-12-11T17:13:02.707510Z,1892.0,C1O1B8DE,478,"German, English",22,Male,White,Romania,Germany,Germany,German,Yes,Part-Time,
65773b3ade34621ce896a1a0,5a7fab56f49c9a0001f3549e,APPROVED,2023-12-11T16:45:08.079000Z,2023-12-11T17:20:55.249000Z,2023-12-11T17:20:55.735000Z,2023-12-11T17:20:55.670065Z,2148.0,C1O1B8DE,2720,"English, Dutch, German, Spanish",31,Male,White,Germany,Germany,Germany,German,No,Full-Time,
65773b5dfa98243bbe353012,64ff13ded28d546281ffb6b5,APPROVED,2023-12-11T16:40:06.249000Z,2023-12-11T17:19:01.799000Z,2023-12-11T17:19:02.309000Z,2023-12-11T17:19:02.248917Z,2336.0,C1O1B8DE,86,"Arabic, English, German",29,Male,White,Germany,Germany,Germany,German,Yes,Full-Time,
65773b6a0e4d093fa6ccdd2d,5fcf9f17f5a7c20ba38e9cc9,APPROVED,2023-12-11T16:40:14.657000Z,2023-12-11T16:52:11.807000Z,2023-12-11T16:52:12.365000Z,2023-12-11T16:52:12.295170Z,718.0,C1O1B8DE,298,"English, German",29,Female,White,Germany,Germany,Germany,German,No,Full-Time,
65773b7aeefa7818c5a1a8e8,6544fd5d0fb2eaaf83e2ddc9,APPROVED,2023-12-11T16:40:26.133000Z,2023-12-11T17:14:22.543000Z,2023-12-11T17:14:23.057000Z,2023-12-11T17:14:22.987074Z,2037.0,C1O1B8DE,36,"German, English, Spanish",30,Female,Mixed,Ecuador,Germany,Spain,Spanish,Yes,Part-Time,
65773b9933794eee652a9e6d,65103a68993e5fb0aefe2566,APPROVED,2023-12-11T16:40:57.515000Z,2023-12-11T17:24:00.609000Z,2023-12-11T17:24:01.601000Z,2023-12-11T17:24:01.550609Z,2584.0,C1O1B8DE,92,"English, German",20,Female,White,Germany,Germany,Germany,German,Yes,Unemployed (and job seeking),
65773b9af0c45be0fd06bca4,653a50254cd0995ce9fed45e,APPROVED,2023-12-11T16:42:04.550000Z,2023-12-11T17:00:56.934000Z,2023-12-11T17:00:57.727000Z,2023-12-11T17:00:57.661802Z,1133.0,C1O1B8DE,22,"English, German",23,Female,White,Germany,Germany,Germany,German,Yes,DATA_EXPIRED,
65773c1b1b6a1c3f05301834,5b21646bdf28a7000166f4dc,APPROVED,2023-12-11T16:43:18.706000Z,2023-12-11T17:31:24.791000Z,2023-12-11T17:31:25.375000Z,2023-12-11T17:31:25.279430Z,2887.0,C1O1B8DE,1481,"English, German",32,Male,White,Germany,Germany,Germany,German,No,Part-Time,
6577454ec81457bd4724af52,63dfd4fb58435f30c7e5b04b,APPROVED,2023-12-11T17:22:26.551000Z,2023-12-11T17:51:42.652000Z,2023-12-11T17:51:43.228000Z,2023-12-11T17:51:43.150624Z,1757.0,C1O1B8DE,705,"English, German, Spanish",31,Male,White,Germany,Germany,Germany,German,Yes,Part-Time,
657749cf7cc95d8a0cbc79fe,6560c1ff0b97f1d037b3c2dd,APPROVED,2023-12-11T17:46:12.158000Z,2023-12-11T18:18:48.096000Z,2023-12-11T18:18:48.697000Z,2023-12-11T18:18:48.640028Z,1956.0,C1O1B8DE,20,"German, English",23,Female,White,Germany,Germany,Germany,German,Yes,Other,
65774ab60568678ed1c089d5,6521ac4e830108f7281e8644,APPROVED,2023-12-11T17:46:19.397000Z,2023-12-11T18:09:02.902000Z,2023-12-11T18:09:03.584000Z,2023-12-11T18:09:03.490125Z,1364.0,C1O1B8DE,120,"German, English",26,Male,White,Germany,Germany,Germany,German,No,Full-Time,
65774e2d1b6a1c3f05301d7b,606b94352e103bc54d43321b,APPROVED,2023-12-11T18:00:27.594000Z,2023-12-11T18:44:16.738000Z,2023-12-11T18:44:17.283000Z,2023-12-11T18:44:17.182216Z,2630.0,C1O1B8DE,605,"Vietnamese, German, English",27,Male,Asian,United States,Germany,United States,German,Yes,Part-Time,
65774e3375fcc3235ddcbadc,64e74f0c7ba1863371602661,APPROVED,2023-12-11T18:04:05.964000Z,2023-12-11T18:27:02.946000Z,2023-12-11T18:27:03.426000Z,2023-12-11T18:27:03.374020Z,1377.0,C1O1B8DE,56,"English, German",31,Male,White,Germany,Germany,Germany,German,No,Part-Time,
65775572365c5bca06f260b5,6532825749ca31d35c5cc482,APPROVED,2023-12-11T18:31:25.030000Z,2023-12-11T18:57:42.253000Z,2023-12-11T18:57:43.101000Z,2023-12-11T18:57:43.244915Z,1578.0,C1O1B8DE,57,"English, German, Turkish",36,Male,White,Germany,Germany,Germany,German,No,Full-Time,
6576e036b8e78745078cb6b4,655f6ca8c3308b624d0653ea,RETURNED,2023-12-11T10:11:22.534000Z,,,,,,6,CONSENT_REVOKED,CONSENT_REVOKED,CONSENT_REVOKED,CONSENT_REVOKED,CONSENT_REVOKED,CONSENT_REVOKED,CONSENT_REVOKED,CONSENT_REVOKED,CONSENT_REVOKED,CONSENT_REVOKED,Not Applicable
6576e1083b001773dedd7b03,637e1da154dddf50b9d82c82,RETURNED,2023-12-11T10:15:26.380000Z,,,,,,702,CONSENT_REVOKED,CONSENT_REVOKED,CONSENT_REVOKED,CONSENT_REVOKED,CONSENT_REVOKED,CONSENT_REVOKED,CONSENT_REVOKED,CONSENT_REVOKED,CONSENT_REVOKED,CONSENT_REVOKED,Not Applicable
6576e1bb48219fdca6d257f6,5f247ac02b2b8805b6cce266,RETURNED,2023-12-11T10:17:54.770000Z,,,,,,1087,CONSENT_REVOKED,CONSENT_REVOKED,CONSENT_REVOKED,CONSENT_REVOKED,CONSENT_REVOKED,CONSENT_REVOKED,CONSENT_REVOKED,CONSENT_REVOKED,CONSENT_REVOKED,CONSENT_REVOKED,Not Applicable
6576e22e90d6e1117487a422,6516f2a7d21c67a9a5bbb6ca,RETURNED,2023-12-11T10:19:29.453000Z,,,,,,73,CONSENT_REVOKED,CONSENT_REVOKED,CONSENT_REVOKED,CONSENT_REVOKED,CONSENT_REVOKED,CONSENT_REVOKED,CONSENT_REVOKED,CONSENT_REVOKED,CONSENT_REVOKED,CONSENT_REVOKED,Not Applicable
6576e276d51b2802e792550a,653e7279fee9581b2052db5a,RETURNED,2023-12-11T10:20:42.629000Z,,,,,,33,CONSENT_REVOKED,CONSENT_REVOKED,CONSENT_REVOKED,CONSENT_REVOKED,CONSENT_REVOKED,CONSENT_REVOKED,CONSENT_REVOKED,CONSENT_REVOKED,CONSENT_REVOKED,CONSENT_REVOKED,Not Applicable
6576e2fb88d53cbfd0090f72,5f1715072b20d0020b0e383c,RETURNED,2023-12-11T10:32:51.814000Z,,,,,,820,CONSENT_REVOKED,CONSENT_REVOKED,CONSENT_REVOKED,CONSENT_REVOKED,CONSENT_REVOKED,CONSENT_REVOKED,CONSENT_REVOKED,CONSENT_REVOKED,CONSENT_REVOKED,CONSENT_REVOKED,Not Applicable
6576e34d9666331fa5f6f383,63654ad26d8486ac6e2c938c,RETURNED,2023-12-11T10:24:42.593000Z,,,,,,220,CONSENT_REVOKED,CONSENT_REVOKED,CONSENT_REVOKED,CONSENT_REVOKED,CONSENT_REVOKED,CONSENT_REVOKED,CONSENT_REVOKED,CONSENT_REVOKED,CONSENT_REVOKED,CONSENT_REVOKED,Not Applicable
6576e3ad70fd37ec6e5e8229,60ff16c186d2024641575b61,RETURNED,2023-12-11T10:25:49.540000Z,,,,,,1132,CONSENT_REVOKED,CONSENT_REVOKED,CONSENT_REVOKED,CONSENT_REVOKED,CONSENT_REVOKED,CONSENT_REVOKED,CONSENT_REVOKED,CONSENT_REVOKED,CONSENT_REVOKED,CONSENT_REVOKED,Not Applicable
6576e3b4b2d56ce6283730f9,6523fe0741e7f3a5002ea3fd,REJECTED,2023-12-11T10:25:56.827000Z,2023-12-11T11:09:17.880000Z,2023-12-12T09:36:51.255000Z,2023-12-11T11:09:18.654000Z,2602.0,it did not work,57,CONSENT_REVOKED,CONSENT_REVOKED,CONSENT_REVOKED,CONSENT_REVOKED,CONSENT_REVOKED,CONSENT_REVOKED,CONSENT_REVOKED,CONSENT_REVOKED,CONSENT_REVOKED,CONSENT_REVOKED,Not Applicable
6576e40737d58491ded56c67,62e95cb1f31ba3691a3ce87c,RETURNED,2023-12-11T10:28:17.901000Z,,,,,,880,CONSENT_REVOKED,CONSENT_REVOKED,CONSENT_REVOKED,CONSENT_REVOKED,CONSENT_REVOKED,CONSENT_REVOKED,CONSENT_REVOKED,CONSENT_REVOKED,CONSENT_REVOKED,CONSENT_REVOKED,Not Applicable
6576f358398e8736e8f4185d,63b6c7ef20c45fd1cff1ddca,RETURNED,2023-12-11T11:32:40.734000Z,,,,,,776,CONSENT_REVOKED,CONSENT_REVOKED,CONSENT_REVOKED,CONSENT_REVOKED,CONSENT_REVOKED,CONSENT_REVOKED,CONSENT_REVOKED,CONSENT_REVOKED,CONSENT_REVOKED,CONSENT_REVOKED,Not Applicable
65772e1b6fd03aa2d08594eb,615b44e83d0396716fc468d1,RETURNED,2023-12-11T15:49:31.497000Z,,,,,,239,CONSENT_REVOKED,CONSENT_REVOKED,CONSENT_REVOKED,CONSENT_REVOKED,CONSENT_REVOKED,CONSENT_REVOKED,CONSENT_REVOKED,CONSENT_REVOKED,CONSENT_REVOKED,CONSENT_REVOKED,Not Applicable
65772e1fcd3fdb98620777d7,6480385e2fbe25fc0b9a719d,RETURNED,2023-12-11T15:43:32.392000Z,,,,,,137,CONSENT_REVOKED,CONSENT_REVOKED,CONSENT_REVOKED,CONSENT_REVOKED,CONSENT_REVOKED,CONSENT_REVOKED,CONSENT_REVOKED,CONSENT_REVOKED,CONSENT_REVOKED,CONSENT_REVOKED,Not Applicable
65772e216746506025963751,652d6b317dbb2b3e923226f3,REJECTED,2023-12-11T15:43:29.412000Z,2023-12-11T16:44:51.072000Z,2023-12-12T09:37:23.601000Z,2023-12-11T16:44:51.864000Z,3682.0,652d6b317dbb2b3e923226f3,90,CONSENT_REVOKED,CONSENT_REVOKED,CONSENT_REVOKED,CONSENT_REVOKED,CONSENT_REVOKED,CONSENT_REVOKED,CONSENT_REVOKED,CONSENT_REVOKED,CONSENT_REVOKED,CONSENT_REVOKED,Not Applicable
65772e2f433f04c772b2d607,6554e5a51df35f3564d4a327,REJECTED,2023-12-11T15:44:09.155000Z,2023-12-11T16:09:33.549000Z,2023-12-12T09:37:19.865000Z,2023-12-11T16:09:34.325000Z,1525.0,NOCODE,50,CONSENT_REVOKED,CONSENT_REVOKED,CONSENT_REVOKED,CONSENT_REVOKED,CONSENT_REVOKED,CONSENT_REVOKED,CONSENT_REVOKED,CONSENT_REVOKED,CONSENT_REVOKED,CONSENT_REVOKED,Not Applicable
65772e4a695ea8a8f61f91fb,62ea83d29a7ce920cbc1de32,RETURNED,2023-12-11T15:44:10.787000Z,,,,,,768,CONSENT_REVOKED,CONSENT_REVOKED,CONSENT_REVOKED,CONSENT_REVOKED,CONSENT_REVOKED,CONSENT_REVOKED,CONSENT_REVOKED,CONSENT_REVOKED,CONSENT_REVOKED,CONSENT_REVOKED,Not Applicable
65772e4a7e10aa9cd8324704,5f8051b402daee04b8108440,RETURNED,2023-12-11T15:44:14.832000Z,,,,,,1555,CONSENT_REVOKED,CONSENT_REVOKED,CONSENT_REVOKED,CONSENT_REVOKED,CONSENT_REVOKED,CONSENT_REVOKED,CONSENT_REVOKED,CONSENT_REVOKED,CONSENT_REVOKED,CONSENT_REVOKED,Not Applicable
65772e5035dfeb63e8dfcd57,58d4ebdec8677b0001a2107b,RETURNED,2023-12-11T15:44:20.845000Z,,,,,,1997,CONSENT_REVOKED,CONSENT_REVOKED,CONSENT_REVOKED,CONSENT_REVOKED,CONSENT_REVOKED,CONSENT_REVOKED,CONSENT_REVOKED,CONSENT_REVOKED,CONSENT_REVOKED,CONSENT_REVOKED,Not Applicable
65772e6293f9dfa2ed02bf6f,60df43042ab7b3826861bb39,RETURNED,2023-12-11T15:44:37.855000Z,,,,,,396,CONSENT_REVOKED,CONSENT_REVOKED,CONSENT_REVOKED,CONSENT_REVOKED,CONSENT_REVOKED,CONSENT_REVOKED,CONSENT_REVOKED,CONSENT_REVOKED,CONSENT_REVOKED,CONSENT_REVOKED,Not Applicable
65772e690f74c02eed54563a,65719d1899b0e536a368bbb4,RETURNED,2023-12-11T15:44:50.262000Z,,,,,,30,CONSENT_REVOKED,CONSENT_REVOKED,CONSENT_REVOKED,CONSENT_REVOKED,CONSENT_REVOKED,CONSENT_REVOKED,CONSENT_REVOKED,CONSENT_REVOKED,CONSENT_REVOKED,CONSENT_REVOKED,Not Applicable
65772e6da90ee628f09e2ac4,60083185735c55135db614e2,RETURNED,2023-12-11T15:44:45.692000Z,,,,,,193,CONSENT_REVOKED,CONSENT_REVOKED,CONSENT_REVOKED,CONSENT_REVOKED,CONSENT_REVOKED,CONSENT_REVOKED,CONSENT_REVOKED,CONSENT_REVOKED,CONSENT_REVOKED,CONSENT_REVOKED,Not Applicable
65772e8ca019b2737e607523,6557a4773de851eb1d499ff9,RETURNED,2023-12-11T15:45:23.710000Z,,,,,,102,CONSENT_REVOKED,CONSENT_REVOKED,CONSENT_REVOKED,CONSENT_REVOKED,CONSENT_REVOKED,CONSENT_REVOKED,CONSENT_REVOKED,CONSENT_REVOKED,CONSENT_REVOKED,CONSENT_REVOKED,Not Applicable
65772e99c48ba054cabced77,6557785b1be67cd550bfd106,TIMED-OUT,2023-12-11T15:45:29.375000Z,,,,7571348.0,,51,"German, English",18,Male,White,Germany,Germany,Germany,German,Yes,DATA_EXPIRED,Not Applicable
65772ecd6765ba2e22ea6a15,650aee2bd662699c3bcdf96e,RETURNED,2023-12-11T15:56:21.230000Z,,,,,,143,CONSENT_REVOKED,CONSENT_REVOKED,CONSENT_REVOKED,CONSENT_REVOKED,CONSENT_REVOKED,CONSENT_REVOKED,CONSENT_REVOKED,CONSENT_REVOKED,CONSENT_REVOKED,CONSENT_REVOKED,Not Applicable
65772ed3c561063eab3f087d,654e45696ef824f9c6896d12,RETURNED,2023-12-11T15:46:32.308000Z,,,,,,147,CONSENT_REVOKED,CONSENT_REVOKED,CONSENT_REVOKED,CONSENT_REVOKED,CONSENT_REVOKED,CONSENT_REVOKED,CONSENT_REVOKED,CONSENT_REVOKED,CONSENT_REVOKED,CONSENT_REVOKED,Not Applicable
65772edaa90ee628f09e2ae3,64f8b90b9d9936517fa3ca1c,RETURNED,2023-12-11T15:57:00.033000Z,,,,,,158,CONSENT_REVOKED,CONSENT_REVOKED,CONSENT_REVOKED,CONSENT_REVOKED,CONSENT_REVOKED,CONSENT_REVOKED,CONSENT_REVOKED,CONSENT_REVOKED,CONSENT_REVOKED,CONSENT_REVOKED,Not Applicable
65772edaab755516bb38ea9a,642bdf7d98755ff534344cfe,RETURNED,2023-12-11T15:46:41.228000Z,,,,,,494,CONSENT_REVOKED,CONSENT_REVOKED,CONSENT_REVOKED,CONSENT_REVOKED,CONSENT_REVOKED,CONSENT_REVOKED,CONSENT_REVOKED,CONSENT_REVOKED,CONSENT_REVOKED,CONSENT_REVOKED,Not Applicable
65772ee76ddbea253f5eba94,65636e88856d40cf241723b6,TIMED-OUT,2023-12-11T15:47:57.220000Z,,,,7571201.0,,127,"German, English",18,Male,White,Germany,Germany,Germany,German,Yes,Part-Time,Not Applicable
65772ef80939089a6f4391fe,5dca6acb45b8f97464410663,RETURNED,2023-12-11T15:47:06.492000Z,,,,,,1307,CONSENT_REVOKED,CONSENT_REVOKED,CONSENT_REVOKED,CONSENT_REVOKED,CONSENT_REVOKED,CONSENT_REVOKED,CONSENT_REVOKED,CONSENT_REVOKED,CONSENT_REVOKED,CONSENT_REVOKED,Not Applicable
65772efe70656c3c47d02138,64bd9b3de208533f6a7fee94,RETURNED,2023-12-11T15:47:12.807000Z,,,,,,328,CONSENT_REVOKED,CONSENT_REVOKED,CONSENT_REVOKED,CONSENT_REVOKED,CONSENT_REVOKED,CONSENT_REVOKED,CONSENT_REVOKED,CONSENT_REVOKED,CONSENT_REVOKED,CONSENT_REVOKED,Not Applicable
65772f0722e13e7127669e35,6565f2b113586fa869dd3b11,RETURNED,2023-12-11T15:47:24.276000Z,2023-12-11T17:09:32.527000Z,,2023-12-11T17:09:33.254000Z,,NOCODE,64,CONSENT_REVOKED,CONSENT_REVOKED,CONSENT_REVOKED,CONSENT_REVOKED,CONSENT_REVOKED,CONSENT_REVOKED,CONSENT_REVOKED,CONSENT_REVOKED,CONSENT_REVOKED,CONSENT_REVOKED,Not Applicable
65772f2a6358eaa150b3b501,652ab885e3d73d76adc15fe0,RETURNED,2023-12-11T15:58:00.077000Z,,,,,,72,CONSENT_REVOKED,CONSENT_REVOKED,CONSENT_REVOKED,CONSENT_REVOKED,CONSENT_REVOKED,CONSENT_REVOKED,CONSENT_REVOKED,CONSENT_REVOKED,CONSENT_REVOKED,CONSENT_REVOKED,Not Applicable
65772f95a677c37be5fb5839,6522a8e9be0048650e98022f,RETURNED,2023-12-11T15:49:47.397000Z,,,,,,167,CONSENT_REVOKED,CONSENT_REVOKED,CONSENT_REVOKED,CONSENT_REVOKED,CONSENT_REVOKED,CONSENT_REVOKED,CONSENT_REVOKED,CONSENT_REVOKED,CONSENT_REVOKED,CONSENT_REVOKED,Not Applicable
65772fda307b28b9a9ec1942,6153963f97c84ce267a3d5fc,RETURNED,2023-12-11T15:52:33.366000Z,,,,,,1002,CONSENT_REVOKED,CONSENT_REVOKED,CONSENT_REVOKED,CONSENT_REVOKED,CONSENT_REVOKED,CONSENT_REVOKED,CONSENT_REVOKED,CONSENT_REVOKED,CONSENT_REVOKED,CONSENT_REVOKED,Not Applicable
6577319b23e406c99e1f92b7,65369cff6de686401f01cec1,RETURNED,2023-12-11T15:58:19.877000Z,,,,,,82,CONSENT_REVOKED,CONSENT_REVOKED,CONSENT_REVOKED,CONSENT_REVOKED,CONSENT_REVOKED,CONSENT_REVOKED,CONSENT_REVOKED,CONSENT_REVOKED,CONSENT_REVOKED,CONSENT_REVOKED,Not Applicable
65773286e3b3f4f79d122dd2,5a71c8ccb7fcdc0001e40726,RETURNED,2023-12-11T16:02:19.040000Z,,,,,,447,CONSENT_REVOKED,CONSENT_REVOKED,CONSENT_REVOKED,CONSENT_REVOKED,CONSENT_REVOKED,CONSENT_REVOKED,CONSENT_REVOKED,CONSENT_REVOKED,CONSENT_REVOKED,CONSENT_REVOKED,Not Applicable
657732a5b6e94d30d24d60c1,6551ecae69c45ecbc9cd6964,REJECTED,2023-12-11T16:02:54.620000Z,2023-12-11T16:28:03.090000Z,2023-12-12T09:37:27.560000Z,2023-12-11T16:28:03.906000Z,1509.0,NOCODE,49,CONSENT_REVOKED,CONSENT_REVOKED,CONSENT_REVOKED,CONSENT_REVOKED,CONSENT_REVOKED,CONSENT_REVOKED,CONSENT_REVOKED,CONSENT_REVOKED,CONSENT_REVOKED,CONSENT_REVOKED,Not Applicable
6577337df7b10bad5bc0108c,656f3d4b93c101f668027511,TIMED-OUT,2023-12-11T16:06:32.769000Z,,,,7570085.0,,18,"English, German",26,Male,Black,Zimbabwe,Germany,Zimbabwe,English,Yes,Part-Time,Not Applicable
657733a88dac182be02f31b8,6575c4c507014e4bc9fb84de,REJECTED,2023-12-11T16:07:24.298000Z,2023-12-11T16:12:18.596000Z,2023-12-12T09:35:11.444000Z,2023-12-11T16:12:19.438000Z,295.0,6575c4c507014e4bc9fb84de,6,CONSENT_REVOKED,CONSENT_REVOKED,CONSENT_REVOKED,CONSENT_REVOKED,CONSENT_REVOKED,CONSENT_REVOKED,CONSENT_REVOKED,CONSENT_REVOKED,CONSENT_REVOKED,CONSENT_REVOKED,Not Applicable
6577343e920752ba13737b0a,6547ab2eeba4e6b1fffff6d3,RETURNED,2023-12-11T16:09:38.149000Z,,,,,,39,CONSENT_REVOKED,CONSENT_REVOKED,CONSENT_REVOKED,CONSENT_REVOKED,CONSENT_REVOKED,CONSENT_REVOKED,CONSENT_REVOKED,CONSENT_REVOKED,CONSENT_REVOKED,CONSENT_REVOKED,Not Applicable
6577344cd41c2e3ef625d2cc,5ec3f04b131a0b09ebac091d,RETURNED,2023-12-11T16:11:59.855000Z,,,,,,1180,CONSENT_REVOKED,CONSENT_REVOKED,CONSENT_REVOKED,CONSENT_REVOKED,CONSENT_REVOKED,CONSENT_REVOKED,CONSENT_REVOKED,CONSENT_REVOKED,CONSENT_REVOKED,CONSENT_REVOKED,Not Applicable
657734d908c9337023028364,652d0b26e5ce9ce5be711500,RETURNED,2023-12-11T16:23:00.103000Z,,,,,,161,CONSENT_REVOKED,CONSENT_REVOKED,CONSENT_REVOKED,CONSENT_REVOKED,CONSENT_REVOKED,CONSENT_REVOKED,CONSENT_REVOKED,CONSENT_REVOKED,CONSENT_REVOKED,CONSENT_REVOKED,Not Applicable
657735213fc57cab7974e4d8,5edc8e2eaa0f2295a0fcef85,APPROVED,2023-12-11T16:13:26.065000Z,2023-12-12T09:14:04.780000Z,2023-12-12T09:14:05.393000Z,,61239.0,Manual Completion,262,"English, Italian, German, Dutch, Arabic, French, Spanish",24,Male,Asian,Pakistan,Germany,Italy,Urdu,Yes,DATA_EXPIRED,Not Applicable
65773645f980b50a1ddcb664,616529cd79b29b3850c420cb,RETURNED,2023-12-11T16:18:18.650000Z,,,,,,971,CONSENT_REVOKED,CONSENT_REVOKED,CONSENT_REVOKED,CONSENT_REVOKED,CONSENT_REVOKED,CONSENT_REVOKED,CONSENT_REVOKED,CONSENT_REVOKED,CONSENT_REVOKED,CONSENT_REVOKED,Not Applicable
6577369d0324e5389096a00c,653228a1520502e3e347435e,RETURNED,2023-12-11T16:19:54.236000Z,,,,,,27,CONSENT_REVOKED,CONSENT_REVOKED,CONSENT_REVOKED,CONSENT_REVOKED,CONSENT_REVOKED,CONSENT_REVOKED,CONSENT_REVOKED,CONSENT_REVOKED,CONSENT_REVOKED,CONSENT_REVOKED,Not Applicable
657736e84efbe5a747d43106,64287f403176549bdd9911fc,RETURNED,2023-12-11T16:21:01.030000Z,,,,,,296,CONSENT_REVOKED,CONSENT_REVOKED,CONSENT_REVOKED,CONSENT_REVOKED,CONSENT_REVOKED,CONSENT_REVOKED,CONSENT_REVOKED,CONSENT_REVOKED,CONSENT_REVOKED,CONSENT_REVOKED,Not Applicable
657737553478e87bc4293811,5eee61509e63ac300a199f84,RETURNED,2023-12-11T16:22:45.156000Z,,,,,,1396,CONSENT_REVOKED,CONSENT_REVOKED,CONSENT_REVOKED,CONSENT_REVOKED,CONSENT_REVOKED,CONSENT_REVOKED,CONSENT_REVOKED,CONSENT_REVOKED,CONSENT_REVOKED,CONSENT_REVOKED,Not Applicable
657738d070ea7b40b2f25a87,655a149f3cc84dd3699ea3c3,REJECTED,2023-12-11T16:29:09.941000Z,2023-12-11T17:02:19.509000Z,2023-12-12T09:37:15.110000Z,2023-12-11T17:02:20.548000Z,1990.0,NOCODE,121,CONSENT_REVOKED,CONSENT_REVOKED,CONSENT_REVOKED,CONSENT_REVOKED,CONSENT_REVOKED,CONSENT_REVOKED,CONSENT_REVOKED,CONSENT_REVOKED,CONSENT_REVOKED,CONSENT_REVOKED,Not Applicable
657739f046a1ab5dfad6a4e5,62d975b271ef86567275de5d,RETURNED,2023-12-11T16:34:50.472000Z,,,,,,997,CONSENT_REVOKED,CONSENT_REVOKED,CONSENT_REVOKED,CONSENT_REVOKED,CONSENT_REVOKED,CONSENT_REVOKED,CONSENT_REVOKED,CONSENT_REVOKED,CONSENT_REVOKED,CONSENT_REVOKED,Not Applicable
65773b5c1dea1ce81703ab07,63e541ce8f1afa32cc7d1627,RETURNED,2023-12-11T16:39:56.295000Z,,,,,,441,CONSENT_REVOKED,CONSENT_REVOKED,CONSENT_REVOKED,CONSENT_REVOKED,CONSENT_REVOKED,CONSENT_REVOKED,CONSENT_REVOKED,CONSENT_REVOKED,CONSENT_REVOKED,CONSENT_REVOKED,Not Applicable
65773baecc229f7f53352fd4,6568ccd0468b7384e18af74b,TIMED-OUT,2023-12-11T16:41:27.505000Z,,,,7567991.0,,50,"English, German, Turkish",26,Male,White,Turkey,Germany,Turkey,Turkish,Yes,Part-Time,Not Applicable
