Submission id,Participant id,Status,Started at,Completed at,Reviewed at,Archived at,Time taken,Completion code,Total approvals,Fluent languages,Age,Sex,Ethnicity simplified,Country of birth,Country of residence,Nationality,Language,Student status,Employment status
65630a27ed7a09c1aec5b783,5cdc111d8738880001d23c6e,APPROVED,2023-11-26T09:04:39.629000Z,2023-11-26T09:12:56.585000Z,2023-11-26T09:12:57.344000Z,2023-11-26T09:12:57.286327Z,497.0,C871QPIG,896,"English, German, Turkish",30,Male,White,Germany,Germany,Turkey,Turkish,No,Full-Time
65630b57c580f1305d0a4700,650aedaa58b090c87a187d80,APPROVED,2023-11-26T09:09:46.542000Z,2023-11-26T09:17:51.750000Z,2023-11-26T09:17:52.255000Z,2023-11-26T09:17:52.186793Z,486.0,C871QPIG,49,"English, German",22,Male,White,Germany,Germany,Germany,German,No,Other
65630ba9e817db3fa10a46db,63400c1f90bf977fdb7ec941,APPROVED,2023-11-26T09:11:05.332000Z,2023-11-26T09:20:25.124000Z,2023-11-26T09:20:25.764000Z,2023-11-26T09:20:25.701610Z,560.0,C871QPIG,176,"English, German",26,Male,White,United Kingdom,Germany,Germany,English,No,Full-Time
65630dd03999ef1271a17df7,5f14ae1200ee580bf5ace9d6,APPROVED,2023-11-26T09:20:16.268000Z,2023-11-26T09:28:52.670000Z,2023-11-26T09:28:53.227000Z,2023-11-26T09:28:53.162332Z,517.0,C871QPIG,753,"French, English, German",35,Male,White,Switzerland,Germany,Switzerland,French,No,Part-Time
65630dd539993ffa840e7332,58d4ebdec8677b0001a2107b,APPROVED,2023-11-26T09:20:23.517000Z,2023-11-26T09:30:41.993000Z,2023-11-26T09:30:42.477000Z,2023-11-26T09:30:42.415718Z,619.0,C871QPIG,1861,"English, Polish, German",38,Male,White,Germany,Germany,Germany,German,No,Unemployed (and job seeking)
65630def43463427fd171143,65465d19298a36a497508d04,APPROVED,2023-11-26T09:20:52.703000Z,2023-11-26T09:26:01.042000Z,2023-11-26T09:26:01.642000Z,2023-11-26T09:26:01.577497Z,309.0,C871QPIG,29,"English, German",19,Female,Asian,Germany,Germany,Germany,German,Yes,DATA_EXPIRED
65630e11e4e979a116eeec21,64eb4cae55d71c80683a138a,APPROVED,2023-11-26T09:21:21.078000Z,2023-11-26T09:29:52.768000Z,2023-11-26T09:29:53.294000Z,2023-11-26T09:29:53.234474Z,512.0,C871QPIG,14,German,38,Male,White,Poland,Germany,Germany,German,No,Full-Time
65630e55ed7a09c1aec5b7c9,64fdee2b969a06603ae3226d,APPROVED,2023-11-26T09:22:29.711000Z,2023-11-26T09:30:58.176000Z,2023-11-26T09:30:58.780000Z,2023-11-26T09:30:58.704330Z,509.0,C871QPIG,108,"Vietnamese, English, German",21,Male,Asian,Vietnam,Germany,Vietnam,Vietnamese,Yes,Unemployed (and job seeking)
65630e59d1d5261a1559f5a1,627beb0707c13ea6d38b3eaa,APPROVED,2023-11-26T09:22:36.725000Z,2023-11-26T09:28:13.646000Z,2023-11-26T09:28:14.165000Z,2023-11-26T09:28:14.098155Z,337.0,C871QPIG,258,"German, English",27,Female,White,Germany,Germany,Germany,German,Yes,Other
65630ec3e817db3fa10a472d,6550dd36abf6cccaa5bace83,APPROVED,2023-11-26T09:24:19.722000Z,2023-11-26T09:32:31.304000Z,2023-11-26T09:32:31.847000Z,2023-11-26T09:32:31.783923Z,492.0,C871QPIG,21,"English, German, Laotian",22,Male,Asian,Germany,Germany,Germany,German,No,Full-Time
65630f53e859fe9d4d59f470,6526b4db08c36959a00e69c4,APPROVED,2023-11-26T09:26:48.580000Z,2023-11-26T09:51:07.789000Z,2023-11-26T09:51:08.314000Z,2023-11-26T09:51:08.256940Z,1460.0,C871QPIG,52,"English, German, Turkish",39,Male,White,Turkey,Germany,Turkey,Turkish,No,"Not in paid work (e.g. homemaker', 'retired or disabled)"
65630f86bbbe0dc4b89aeb32,6516d9bb4dd1c665709ed88a,APPROVED,2023-11-26T09:27:34.937000Z,2023-11-26T09:34:21.918000Z,2023-11-26T09:34:25.482000Z,2023-11-26T09:34:22.416633Z,407.0,C871QPIG,46,"English, German",23,Female,White,Germany,Germany,Germany,German,Yes,Part-Time
65630f94856d40cf24171608,6517299ba3d7cde45394692a,APPROVED,2023-11-26T09:29:32.475000Z,2023-11-26T09:40:30.239000Z,2023-11-26T09:40:30.806000Z,2023-11-26T09:40:30.740690Z,658.0,C871QPIG,21,"English, French, German, Russian, Turkish",19,Female,Mixed,Turkey,Germany,Turkey,Turkish,Yes,Part-Time
65630fce2d4f1e21cfc801c3,654108e8f80e9bb9d47d0624,AWAITING REVIEW,2023-11-26T09:28:49.340000Z,2023-11-26T09:37:35.195000Z,,2023-11-26T09:37:35.641841Z,526.0,NOCODE,19,"English, German",23,Female,Mixed,Germany,Germany,Germany,German,Yes,Part-Time
65630fef6e267d7a7ead5509,5a74e93feea3d300016dd8ca,APPROVED,2023-11-26T09:29:19.879000Z,2023-11-26T09:34:50.578000Z,2023-11-26T09:34:51.163000Z,2023-11-26T09:34:51.105464Z,331.0,C871QPIG,1764,"German, English",33,Male,White,Germany,Germany,Germany,German,No,Full-Time
65630ff35fcdc784f8a93cf0,62c420a506940fa5ca499e68,APPROVED,2023-11-26T09:29:25.686000Z,2023-11-26T09:40:12.046000Z,2023-11-26T09:40:12.603000Z,2023-11-26T09:40:12.539855Z,647.0,C871QPIG,168,"English, German",32,Male,White,Germany,Germany,Germany,German,No,Full-Time
65630ff46a40b026d0faddf1,5bf3199ebe7c7300017b710a,APPROVED,2023-11-26T09:29:28.722000Z,2023-11-26T09:38:12.468000Z,2023-11-26T09:38:13.073000Z,2023-11-26T09:38:13.015981Z,524.0,C871QPIG,1151,"English, German",40,Male,White,Germany,Germany,Germany,German,DATA_EXPIRED,DATA_EXPIRED
65630fff49d17889d8a5f9c0,60fd5d982789160769f1ba94,APPROVED,2023-11-26T09:29:39.333000Z,2023-11-26T09:37:34.477000Z,2023-11-26T09:37:36.021000Z,2023-11-26T09:37:35.106954Z,476.0,C871QPIG,939,German,46,Male,White,Germany,Germany,Germany,German,No,Full-Time
65631032c580f1305d0a476f,6516d4029952afb87476bf34,APPROVED,2023-11-26T09:30:58.992000Z,2023-11-26T09:41:14.680000Z,2023-11-26T09:41:15.226000Z,2023-11-26T09:41:15.161860Z,616.0,C871QPIG,41,"English, German",35,Prefer not to say,White,Germany,Germany,Germany,German,Yes,Full-Time
65631034e817db3fa10a4754,6554d1f1fda70c02063f51bd,APPROVED,2023-11-26T09:30:28.925000Z,2023-11-26T09:48:41.792000Z,2023-11-26T09:48:42.429000Z,2023-11-26T09:48:42.350850Z,1093.0,C871QPIG,17,German,62,Female,White,Germany,Germany,Germany,German,No,Part-Time
656310435b002a6ce8e419b9,6516edcfb2b8ee9aee7c13c6,APPROVED,2023-11-26T09:30:43.404000Z,2023-11-26T09:38:55.148000Z,2023-11-26T09:38:57.165000Z,2023-11-26T09:38:55.661016Z,492.0,C871QPIG,58,"English, German",22,Male,White,Germany,Germany,Germany,German,Yes,Full-Time
6563104c7b0bdeeb9e5a9c4d,651eb490746d8f0ea8134f75,APPROVED,2023-11-26T09:30:56.301000Z,2023-11-26T09:36:17.259000Z,2023-11-26T09:36:20.353000Z,2023-11-26T09:36:17.708126Z,321.0,C871QPIG,25,"English, German",22,Female,White,Germany,Germany,Germany,German,Yes,Other
65631061572a43531c59de92,6557785b1be67cd550bfd106,APPROVED,2023-11-26T09:31:13.155000Z,2023-11-26T09:41:15.077000Z,2023-11-26T09:41:20.583000Z,2023-11-26T09:41:15.500672Z,602.0,C871QPIG,4,"German, English",18,Male,White,Germany,Germany,Germany,German,Yes,DATA_EXPIRED
65631081ccad598917c99367,650c2a3e5ae50ab8668448de,APPROVED,2023-11-26T09:31:45.111000Z,2023-11-26T09:39:19.852000Z,2023-11-26T09:39:20.374000Z,2023-11-26T09:39:20.290260Z,455.0,C871QPIG,78,"English, German",29,Male,White,Germany,Germany,Germany,German,No,"Not in paid work (e.g. homemaker', 'retired or disabled)"
65631096b4b0db6dc1a178c2,65170d2924df1aca5e1b075b,APPROVED,2023-11-26T09:33:54.063000Z,2023-11-26T09:42:20.345000Z,2023-11-26T09:42:21.568000Z,2023-11-26T09:42:21.502489Z,507.0,C871QPIG,107,"English, German",30,Male,White,Germany,Germany,Germany,German,No,Full-Time
656310aaae2f0355e17aa503,63d02bd28e37a2abe1006c61,APPROVED,2023-11-26T09:36:06.910000Z,2023-11-26T09:41:34.539000Z,2023-11-26T09:41:35.207000Z,2023-11-26T09:41:35.149945Z,328.0,C871QPIG,165,"English, German, Polish",21,Male,White,Poland,Germany,Poland,Polish,No,Full-Time
656310e5e4e979a116eeec76,6544ea06d33e1704f993f76f,APPROVED,2023-11-26T09:33:25.809000Z,2023-11-26T09:40:19.934000Z,2023-11-26T09:40:20.485000Z,2023-11-26T09:40:20.409651Z,415.0,C871QPIG,31,"German, English",18,Male,White,Germany,Germany,Germany,German,Yes,Other
6563110200a3010a73a4e0c6,648099f11700d769a2e9034a,APPROVED,2023-11-26T09:33:54.276000Z,2023-11-26T09:44:05.623000Z,2023-11-26T09:44:06.137000Z,2023-11-26T09:44:06.072580Z,612.0,C871QPIG,310,"English, French, German",38,Male,Mixed,Germany,Germany,Germany,German,No,Full-Time
6563110bae9f62c99fa4e176,652be2a3d96abb74680d9609,APPROVED,2023-11-26T09:34:35.948000Z,2023-11-26T09:47:15.934000Z,2023-11-26T09:47:16.504000Z,2023-11-26T09:47:16.438426Z,760.0,C871QPIG,12,"English, German",45,Male,White,Turkey,Germany,Turkey,Turkish,No,Full-Time
65631111856d40cf24171625,651998fcfccf8981620ae34c,APPROVED,2023-11-26T09:34:09.506000Z,2023-11-26T09:43:55.453000Z,2023-11-26T09:43:55.946000Z,2023-11-26T09:43:55.875969Z,586.0,C871QPIG,43,"German, English",21,Prefer not to say,White,Germany,Germany,Germany,German,No,Full-Time
6563111b3bc246c47feeed2e,5b92fef3754b700001f01947,APPROVED,2023-11-26T09:34:19.429000Z,2023-11-26T09:42:33.322000Z,2023-11-26T09:42:38.846000Z,2023-11-26T09:42:33.759853Z,494.0,C871QPIG,500,"English, German",58,Female,White,Germany,Germany,Germany,German,No,Part-Time
656311268fbbc31e12424486,6503144bcc000df7879d9637,APPROVED,2023-11-26T09:34:36.338000Z,2023-11-26T09:46:50.333000Z,2023-11-26T09:46:50.902000Z,2023-11-26T09:46:50.829903Z,734.0,C871QPIG,114,"English, German, Russian",32,Male,White,Kazakhstan,Germany,Germany,German,No,Full-Time
6563112b3bc246c47feeed32,5e6a3e3d265930022e81c70b,APPROVED,2023-11-26T09:34:53.222000Z,2023-11-26T09:43:20.595000Z,2023-11-26T09:43:21.199000Z,2023-11-26T09:43:21.136495Z,508.0,C871QPIG,1777,German,29,Male,White,Kazakhstan,Germany,Germany,German,No,Unemployed (and job seeking)
65631149c8002ad2e44b7ffb,5f1715072b20d0020b0e383c,APPROVED,2023-11-26T09:35:05.516000Z,2023-11-26T09:40:49.779000Z,2023-11-26T09:40:50.390000Z,2023-11-26T09:40:50.328152Z,345.0,C871QPIG,692,"English, German",23,Male,White,Germany,Germany,Germany,German,No,Full-Time
6563116ec580f1305d0a4792,653fe91f47b8faca70735f57,APPROVED,2023-11-26T09:37:28.531000Z,2023-11-26T09:44:58.063000Z,2023-11-26T09:44:58.575000Z,2023-11-26T09:44:58.503098Z,450.0,C871QPIG,16,"English, German",31,Male,White,Germany,Germany,Germany,German,No,Full-Time
6563117d07bb3c72f8a741c5,651311510abdac9c5b9c6c4b,APPROVED,2023-11-26T09:37:39.991000Z,2023-11-26T09:43:04.999000Z,2023-11-26T09:43:05.642000Z,2023-11-26T09:43:05.584369Z,326.0,C871QPIG,106,"German, English",25,Female,White,Germany,Germany,Germany,German,No,Full-Time
6563119127dc5d95e0cabf6d,654e43ed2ef4c1bac3dfe00e,APPROVED,2023-11-26T09:36:26.306000Z,2023-11-26T09:56:40.394000Z,2023-11-26T09:56:40.960000Z,2023-11-26T09:56:40.890081Z,1215.0,C871QPIG,10,"Croatian, Bulgarian, English, German, Macedonian, Serbian",43,Female,White,Macedonia,Germany,Macedonia,Macedonian,No,Full-Time
656311922d4f1e21cfc801ef,6516d3c10cc8996984d514f4,APPROVED,2023-11-26T09:36:21.156000Z,2023-11-26T09:42:32.835000Z,2023-11-26T09:42:33.426000Z,2023-11-26T09:42:33.361243Z,372.0,C871QPIG,14,"English, German",28,Male,Black,Nigeria,Germany,Nigeria,English,Yes,Part-Time
65631209f6b4756ac64c503f,654a76de0874380f590ca432,APPROVED,2023-11-26T09:38:20.603000Z,2023-11-26T09:49:24.792000Z,2023-11-26T09:49:25.328000Z,2023-11-26T09:49:25.268694Z,665.0,C871QPIG,21,"English, German",31,Male,White,Australia,Germany,Australia,English,No,Full-Time
65631215d1d5261a1559f625,6517fb8c213462dc2254c0b1,APPROVED,2023-11-26T09:38:35.872000Z,2023-11-26T09:46:01.066000Z,2023-11-26T09:46:01.560000Z,2023-11-26T09:46:01.497135Z,446.0,C871QPIG,25,"English, German",18,Female,White,Germany,Germany,Germany,German,Yes,Other
6563122f41c205e47205c478,6429682ff18d08f9eed7d9e7,APPROVED,2023-11-26T09:39:11.199000Z,2023-11-26T09:48:58.506000Z,2023-11-26T09:48:58.964000Z,2023-11-26T09:48:58.903235Z,588.0,C871QPIG,337,"English, German, Spanish",24,Male,White,Germany,Germany,Germany,German,Yes,Full-Time
656312467bcd810f66b371d6,627bbf69ab2788507bc421a2,APPROVED,2023-11-26T09:39:39.125000Z,2023-11-26T09:52:08.530000Z,2023-11-26T09:52:09.053000Z,2023-11-26T09:52:08.976924Z,750.0,C871QPIG,1176,"English, German",36,Male,White,Germany,Germany,Germany,German,No,DATA_EXPIRED
65631248e2a7fcf034bf541b,634693f87e70324e7a523b6d,APPROVED,2023-11-26T09:39:23.452000Z,2023-11-26T09:46:13.640000Z,2023-11-26T09:46:14.187000Z,2023-11-26T09:46:14.118844Z,411.0,C871QPIG,631,"English, German",26,Male,Mixed,Germany,Germany,Germany,German,DATA_EXPIRED,DATA_EXPIRED
656312596a40b026d0fade1c,654b4a0e936bc8d3c57bfbf0,APPROVED,2023-11-26T09:39:42.096000Z,2023-11-26T09:49:55.296000Z,2023-11-26T09:49:55.782000Z,2023-11-26T09:49:55.720213Z,614.0,C871QPIG,29,"English, German",52,Male,White,Germany,Germany,Germany,German,No,Full-Time
656312b5ba9e145a221eee59,65391c7ecf65866247606910,APPROVED,2023-11-26T09:41:09.527000Z,2023-11-26T09:49:14.102000Z,2023-11-26T09:49:14.630000Z,2023-11-26T09:49:14.569710Z,485.0,C871QPIG,54,"English, German",32,Male,White,Germany,Germany,Germany,German,No,Part-Time
656312d094d42b4d11185920,5d43c606773d8b00016eaa8a,APPROVED,2023-11-26T09:41:41.263000Z,2023-11-26T09:49:23.742000Z,2023-11-26T09:49:24.307000Z,2023-11-26T09:49:24.243569Z,463.0,C871QPIG,1656,"German, English",51,Female,White,Germany,Germany,Germany,German,DATA_EXPIRED,DATA_EXPIRED
656312d17b0bdeeb9e5a9c81,63c0157fbc63b6511d336764,APPROVED,2023-11-26T09:41:44.459000Z,2023-11-26T09:50:40.080000Z,2023-11-26T09:50:40.715000Z,2023-11-26T09:50:40.654702Z,536.0,C871QPIG,674,"English, German",44,Female,White,Germany,Germany,Germany,German,No,"Not in paid work (e.g. homemaker', 'retired or disabled)"
656312e3d1d5261a1559f637,63c658437791ac7be49f06e9,APPROVED,2023-11-26T09:41:57.809000Z,2023-11-26T09:51:43.632000Z,2023-11-26T09:51:44.172000Z,2023-11-26T09:51:44.110588Z,586.0,C871QPIG,445,"English, German",26,Male,Mixed,Germany,Germany,Germany,German,No,Unemployed (and job seeking)
656312ed00a3010a73a4e0f4,5bfe8696ee43d800010a6fc7,APPROVED,2023-11-26T09:42:09.476000Z,2023-11-26T09:48:20.681000Z,2023-11-26T09:48:21.341000Z,2023-11-26T09:48:21.272367Z,372.0,C871QPIG,1129,"English, German",39,Male,White,Germany,Germany,Germany,German,No,Full-Time
6563130aaf788989fed64bba,6557923d4a9cc0c7d81cd60d,APPROVED,2023-11-26T09:49:20.401000Z,2023-11-26T10:06:55.719000Z,2023-11-26T10:06:56.308000Z,2023-11-26T10:06:56.225444Z,1056.0,C871QPIG,7,"Spanish, Turkish, English, German",29,Male,Other,Turkey,Germany,Turkey,Turkish,No,DATA_EXPIRED
65631334ae9f62c99fa4e1c4,5aad4225811b2000016f6ed1,APPROVED,2023-11-26T09:43:20.078000Z,2023-11-26T09:48:48.745000Z,2023-11-26T09:48:49.222000Z,2023-11-26T09:48:49.164748Z,329.0,C871QPIG,812,"German, English",35,Male,White,Germany,Germany,Germany,German,No,Full-Time
65631353e2a7fcf034bf543e,6524e0ef44178670528207b7,APPROVED,2023-11-26T09:43:53.590000Z,2023-11-26T09:57:01.984000Z,2023-11-26T09:57:02.625000Z,2023-11-26T09:57:02.561714Z,789.0,C871QPIG,3,"English, German, Turkish",23,Female,White,Turkey,Germany,Turkey,Turkish,Yes,Other
6563135694d42b4d11185932,650a5cc55e8ddf8bae0b81fb,APPROVED,2023-11-26T09:43:53.483000Z,2023-11-26T09:50:57.599000Z,2023-11-26T09:50:58.205000Z,2023-11-26T09:50:58.144762Z,425.0,C871QPIG,21,"English, German",38,Male,White,Germany,Germany,Germany,German,Yes,Other
6563136d7bcd810f66b371fd,64e22485c19a225678fe290a,APPROVED,2023-11-26T09:44:13.148000Z,2023-11-26T09:48:55.382000Z,2023-11-26T09:48:55.935000Z,2023-11-26T09:48:55.868075Z,283.0,C871QPIG,57,"Albanian, Croatian, English, German, Hungarian, Russian, Serbian",27,Female,White,Germany,Germany,Germany,German,Yes,Part-Time
6563137e58fc1a6958660307,652156df21a8be7bb4c6f4e7,APPROVED,2023-11-26T09:45:53.587000Z,2023-11-26T09:53:07.370000Z,2023-11-26T09:53:08.022000Z,2023-11-26T09:53:07.957350Z,434.0,C871QPIG,78,"English, French, German",20,Female,White,Germany,Germany,Germany,German,Yes,Unemployed (and job seeking)
6563138b412013dde08ac295,6537bffb9ed896131eedd7ee,APPROVED,2023-11-26T09:44:43.962000Z,2023-11-26T09:58:28.305000Z,2023-11-26T09:58:28.857000Z,2023-11-26T09:58:28.796951Z,825.0,C871QPIG,48,"German, Turkish, English",37,Male,White,Turkey,Germany,Turkey,Turkish,Yes,Full-Time
65631397163e4c5a24c992a0,655b71b984cee8a3fc6bf6bf,APPROVED,2023-11-26T09:45:01.400000Z,2023-11-26T09:54:02.801000Z,2023-11-26T09:54:03.523000Z,2023-11-26T09:54:03.453519Z,542.0,C871QPIG,6,"English, German",24,Female,White,Germany,Germany,Germany,German,Yes,Full-Time
6563139fba9e145a221eee73,65410b3f1de864e712bb267d,APPROVED,2023-11-26T09:45:16.009000Z,2023-11-26T09:57:13.710000Z,2023-11-26T09:57:14.215000Z,2023-11-26T09:57:14.154525Z,718.0,C871QPIG,34,"German, English",27,Male,White,Germany,Germany,Germany,German,Yes,Other
656313b9572a43531c59def4,653fc00ad90fb3551c4b594b,APPROVED,2023-11-26T09:46:51.515000Z,2023-11-26T09:54:46.925000Z,2023-11-26T09:54:47.445000Z,2023-11-26T09:54:47.385628Z,476.0,C871QPIG,38,"German, English",21,Male,White,Germany,Germany,Germany,German,Yes,Part-Time
656313d17389aac2354b82c9,64e220abe394efe48bfe28f8,APPROVED,2023-11-26T09:50:42.283000Z,2023-11-26T09:58:15.165000Z,2023-11-26T09:58:15.774000Z,2023-11-26T09:58:15.710568Z,453.0,C871QPIG,148,"English, German",24,Female,White,Germany,Germany,Germany,German,No,Part-Time
656313d404ff9019381eeba2,651c156832b59e401c711c6f,APPROVED,2023-11-26T09:46:00.517000Z,2023-11-26T09:53:07.958000Z,2023-11-26T09:53:13.491000Z,2023-11-26T09:53:08.417793Z,428.0,C871QPIG,59,"English, German",18,Male,White,Germany,Germany,Germany,German,Yes,Other
656313dc0a29143ccea93c82,6505b19314eb42b422d59509,APPROVED,2023-11-26T09:47:33.972000Z,2023-11-26T09:53:54.125000Z,2023-11-26T09:53:54.649000Z,2023-11-26T09:53:54.575679Z,381.0,C871QPIG,24,"English, German",27,Male,White,Germany,Germany,Germany,German,No,Full-Time
656313e2175724ea7f185988,5e5fbff6de7bcc2fc7f396db,APPROVED,2023-11-26T09:46:14.029000Z,2023-11-26T09:54:08.098000Z,2023-11-26T09:54:08.568000Z,2023-11-26T09:54:08.512449Z,475.0,C871QPIG,1815,"German, English, Greek",29,Female,White,Germany,Germany,Germany,German,No,Full-Time
656313f6ccad598917c993ce,63eb514012c203a7a2146262,APPROVED,2023-11-26T09:46:33.959000Z,2023-11-26T09:52:18.954000Z,2023-11-26T09:52:19.586000Z,2023-11-26T09:52:19.500710Z,345.0,C871QPIG,284,"English, German",27,Male,White,Germany,Germany,Germany,English,No,Part-Time
656314053bc246c47feeed66,6516ff4cda6f1e36fd05b1cc,APPROVED,2023-11-26T09:46:57.965000Z,2023-11-26T09:58:57.020000Z,2023-11-26T09:58:57.615000Z,2023-11-26T09:58:57.553414Z,720.0,C871QPIG,95,"Arabic, English, French, German",28,Female,Other,Tunisia,Germany,Tunisia,Arabic,No,Full-Time
656314294d363e786bc5dc85,60060089125e50636ad6719e,APPROVED,2023-11-26T09:47:26.162000Z,2023-11-26T09:54:21.377000Z,2023-11-26T09:54:21.919000Z,2023-11-26T09:54:21.856920Z,416.0,C871QPIG,1315,"English, German",26,Female,White,Germany,Germany,Germany,German,Yes,Part-Time
65631438e4f5a268a959e119,65170641ac562bb61fb8e647,APPROVED,2023-11-26T09:47:36.066000Z,2023-11-26T10:01:09.886000Z,2023-11-26T10:01:10.461000Z,2023-11-26T10:01:10.395477Z,814.0,C871QPIG,63,"English, German",29,Male,White,Germany,Germany,Germany,German,No,Full-Time
656314d781a59126918ac043,63eb38339e72d01818aeb71b,APPROVED,2023-11-26T09:50:15.617000Z,2023-11-26T09:55:18.483000Z,2023-11-26T09:55:19.026000Z,2023-11-26T09:55:18.968009Z,303.0,C871QPIG,521,"German, English",35,Male,White,Germany,Germany,Germany,German,No,Full-Time
656314dd7a99049d2262004b,627ebd9631484f9b3b6aa811,APPROVED,2023-11-26T09:50:26.687000Z,2023-11-26T09:54:35.093000Z,2023-11-26T09:54:35.678000Z,2023-11-26T09:54:35.620996Z,249.0,C871QPIG,343,"German, English",25,Male,White,Germany,Germany,Germany,German,Yes,Part-Time
656314e5c580f1305d0a47fb,6516d3d61888082c45b2e8b4,APPROVED,2023-11-26T09:50:36.010000Z,2023-11-26T09:55:04.924000Z,2023-11-26T09:55:05.511000Z,2023-11-26T09:55:05.450808Z,269.0,C871QPIG,75,"English, German",30,Male,White,Germany,Germany,Germany,German,No,Full-Time
656314f4102822f13aa7420c,6561ff666e87c03638f8fb11,APPROVED,2023-11-26T09:50:49.282000Z,2023-11-26T10:02:07.637000Z,2023-11-26T10:02:08.263000Z,2023-11-26T10:02:08.198335Z,679.0,C871QPIG,2,"English, German",31,Male,White,Germany,Germany,Germany,German,No,Part-Time
6563150527dc5d95e0cabfc9,6427068bce4fc1aa335ad025,APPROVED,2023-11-26T09:56:40.830000Z,2023-11-26T10:10:59.739000Z,2023-11-26T10:11:00.359000Z,2023-11-26T10:11:00.293093Z,859.0,C871QPIG,288,"German, English",28,Male,White,Germany,Germany,Germany,German,DATA_EXPIRED,DATA_EXPIRED
6563151e2d4f1e21cfc8026e,6533fca6a20c492a2baf878e,APPROVED,2023-11-26T09:51:26.679000Z,2023-11-26T10:12:08.990000Z,2023-11-26T10:12:09.489000Z,2023-11-26T10:12:09.429726Z,1243.0,C871QPIG,28,"English, German, Turkish",28,Male,White,Turkey,Germany,Turkey,Turkish,Yes,Part-Time
6563151f7b0bdeeb9e5a9cc4,654f8a5223a7adbcc4224b7a,APPROVED,2023-11-26T09:53:29.681000Z,2023-11-26T10:03:14.713000Z,2023-11-26T10:03:16.421000Z,2023-11-26T10:03:15.197039Z,586.0,C871QPIG,9,"German, English",20,Male,White,Germany,Germany,Germany,German,Yes,Full-Time
6563155de859fe9d4d59f4ed,5cddd8482f24b70018d1a57d,APPROVED,2023-11-26T09:52:40.034000Z,2023-11-26T09:58:31.470000Z,2023-11-26T09:58:31.988000Z,2023-11-26T09:58:31.924196Z,352.0,C871QPIG,435,German,33,Female,White,Germany,Germany,Germany,German,DATA_EXPIRED,DATA_EXPIRED
656315628fbbc31e12424504,651c02cd725ed8394f32b100,APPROVED,2023-11-26T09:52:39.126000Z,2023-11-26T10:06:21.958000Z,2023-11-26T10:06:22.495000Z,2023-11-26T10:06:22.442723Z,823.0,C871QPIG,14,"English, German, Vietnamese",22,Male,Asian,Vietnam,Germany,Vietnam,Vietnamese,Yes,Unemployed (and job seeking)
65631574ba9e145a221eee9e,6522a8e9be0048650e98022f,APPROVED,2023-11-26T09:52:56.667000Z,2023-11-26T09:58:39.284000Z,2023-11-26T09:58:39.859000Z,2023-11-26T09:58:39.760372Z,343.0,C871QPIG,52,"Turkish, English, German, Arabic",41,Male,Mixed,Turkey,Germany,Turkey,German,No,Full-Time
65631577d1a9b204bab3778d,615043f81a9464fc0e5a87bf,APPROVED,2023-11-26T09:52:59.629000Z,2023-11-26T10:01:54.596000Z,2023-11-26T10:01:55.079000Z,2023-11-26T10:01:55.017320Z,535.0,C871QPIG,325,"English, German",48,Male,White,Germany,Germany,Germany,German,No,Full-Time
6563159f62f94e46115fb2e6,65193b2cc4118007d8a796ea,APPROVED,2023-11-26T09:55:28.046000Z,2023-11-26T10:03:11.716000Z,2023-11-26T10:03:12.292000Z,2023-11-26T10:03:12.214821Z,464.0,C871QPIG,45,"English, German",35,Male,Black,United Kingdom,Germany,Germany,English,No,Full-Time
656315a35b002a6ce8e41a3e,62d975b271ef86567275de5d,APPROVED,2023-11-26T09:53:41.035000Z,2023-11-26T10:00:36.660000Z,2023-11-26T10:00:37.355000Z,2023-11-26T10:00:37.286066Z,416.0,C871QPIG,846,"English, German",40,Male,Asian,Vietnam,Germany,Germany,German,No,Part-Time
656315a458fc1a695866033d,65410ad762a7e3c570b6273c,APPROVED,2023-11-26T09:53:40.584000Z,2023-11-26T10:06:56.709000Z,2023-11-26T10:06:57.220000Z,2023-11-26T10:06:57.157653Z,797.0,C871QPIG,51,"Turkish, German",34,Male,Asian,Germany,Germany,Turkey,Turkish,No,"Not in paid work (e.g. homemaker', 'retired or disabled)"
656315f1ba9e145a221eeeac,640b7f3428d986ad3da9ebcf,APPROVED,2023-11-26T09:54:57.164000Z,2023-11-26T10:11:14.127000Z,2023-11-26T10:11:14.733000Z,2023-11-26T10:11:14.663097Z,977.0,C871QPIG,290,"German, English",24,Female,White,Germany,Germany,Germany,German,No,Due to start a new job within the next month
6563160143463427fd171220,6557a4773de851eb1d499ff9,APPROVED,2023-11-26T09:56:15.924000Z,2023-11-26T10:08:22.322000Z,2023-11-26T10:08:22.924000Z,2023-11-26T10:08:22.839720Z,727.0,C871QPIG,21,"English, German, Spanish",26,Female,White,Germany,Germany,Germany,German,Yes,Other
656316163bc246c47feeed85,64fee13e6324ea4884bcc9db,APPROVED,2023-11-26T09:56:18.418000Z,2023-11-26T10:03:29.961000Z,2023-11-26T10:03:30.475000Z,2023-11-26T10:03:30.415454Z,432.0,C871QPIG,67,"German, English",32,Male,White,Germany,Germany,Germany,German,Yes,Full-Time
6563162ea133ad6b617aa647,60abc3403e12133c30deb41f,APPROVED,2023-11-26T09:56:01.910000Z,2023-11-26T10:00:34.774000Z,2023-11-26T10:00:35.311000Z,2023-11-26T10:00:35.252527Z,273.0,C871QPIG,214,"English, Dutch, German",28,Male,White,Germany,Germany,Germany,German,Yes,Full-Time
6563165d07bb3c72f8a74230,63b6be975097f6e31872fc0e,APPROVED,2023-11-26T09:56:45.802000Z,2023-11-26T10:03:45.767000Z,2023-11-26T10:03:46.270000Z,2023-11-26T10:03:46.202016Z,420.0,C871QPIG,490,"English, German",27,Male,White,Germany,Germany,Germany,German,Yes,Part-Time
6563166bd1d5261a1559f686,652d579562534eea9bbd7337,APPROVED,2023-11-26T09:57:07.817000Z,2023-11-26T10:18:50.802000Z,2023-11-26T10:18:51.367000Z,2023-11-26T10:18:51.275800Z,1303.0,C871QPIG,27,"German, English",43,Female,White,Germany,Germany,Germany,German,No,Part-Time
65631690970350a7d45fb213,5a7fab56f49c9a0001f3549e,APPROVED,2023-11-26T09:57:45.771000Z,2023-11-26T10:07:12.808000Z,2023-11-26T10:07:13.367000Z,2023-11-26T10:07:13.304326Z,568.0,C871QPIG,2687,"English, German, Spanish, Dutch",31,Male,White,Germany,Germany,Germany,German,No,Full-Time
656316f7736ba20cacd64dca,6526a2a40ce1608344c552bc,APPROVED,2023-11-26T09:59:23.700000Z,2023-11-26T10:13:47.269000Z,2023-11-26T10:13:47.840000Z,2023-11-26T10:13:47.778937Z,864.0,C871QPIG,67,"German, Turkish, English",31,Female,Asian,Austria,Germany,Austria,Turkish,No,Full-Time
6563175ce2a7fcf034bf54b2,652680aaf06124cc46807a30,APPROVED,2023-11-26T10:01:08.817000Z,2023-11-26T10:11:49.525000Z,2023-11-26T10:11:50.080000Z,2023-11-26T10:11:50.027775Z,641.0,C871QPIG,66,"English, German",46,Male,White,Germany,Germany,Germany,German,No,Full-Time
6563175cc580f1305d0a4859,6529483ef2abe408d574860a,APPROVED,2023-11-26T10:01:15.939000Z,2023-11-26T10:14:26.071000Z,2023-11-26T10:14:26.698000Z,2023-11-26T10:14:26.629242Z,791.0,C871QPIG,42,"English, German, Turkish",31,Male,Asian,Turkey,Germany,Turkey,Turkish,No,Unemployed (and job seeking)
6563178bd1d5261a1559f6a1,647655dfd55c07c30b1537ab,APPROVED,2023-11-26T10:01:50.756000Z,2023-11-26T10:09:03.006000Z,2023-11-26T10:09:03.545000Z,2023-11-26T10:09:03.484984Z,433.0,C871QPIG,21,"German, English",23,Male,White,Germany,Germany,Germany,German,No,Full-Time
65631792ba9e145a221eeedc,628001fc615d598b23b85c6c,APPROVED,2023-11-26T10:01:54.334000Z,2023-11-26T10:35:19.548000Z,2023-11-26T10:35:20.049000Z,2023-11-26T10:35:19.977493Z,2006.0,C871QPIG,127,"English, German, Portuguese",25,Male,White,Brazil,Germany,Brazil,Portuguese,Yes,DATA_EXPIRED
6563179304ff9019381eec04,60ff16c186d2024641575b61,APPROVED,2023-11-26T10:01:55.213000Z,2023-11-26T10:08:32.309000Z,2023-11-26T10:08:32.880000Z,2023-11-26T10:08:32.822100Z,398.0,C871QPIG,998,"English, German, Hindi, Telugu",30,Male,Asian,India,Germany,India,English,Yes,Part-Time
65631798e859fe9d4d59f521,64e74f0c7ba1863371602661,APPROVED,2023-11-26T10:02:11.719000Z,2023-11-26T10:09:21.753000Z,2023-11-26T10:09:22.296000Z,2023-11-26T10:09:22.240425Z,431.0,C871QPIG,37,"English, German",31,Male,White,Germany,Germany,Germany,German,No,Part-Time
656317a5970350a7d45fb23b,6516d85620c0017a8db27afc,APPROVED,2023-11-26T10:02:18.872000Z,2023-11-26T10:12:47.226000Z,2023-11-26T10:12:47.823000Z,2023-11-26T10:12:47.762988Z,629.0,C871QPIG,56,"English, French, German, Turkish",27,Male,Asian,Germany,Germany,Germany,German,Yes,Part-Time
656317d6ae2f0355e17aa5d7,6488afe97766c9083ffc3171,APPROVED,2023-11-26T10:03:05.866000Z,2023-11-26T10:07:16.098000Z,2023-11-26T10:07:16.652000Z,2023-11-26T10:07:16.590151Z,251.0,C871QPIG,231,"English, German",20,Male,White,Germany,Germany,Germany,German,Yes,Other
656317d9412013dde08ac33e,60993696b2cca36f8aafd770,APPROVED,2023-11-26T10:03:05.117000Z,2023-11-26T10:13:24.545000Z,2023-11-26T10:13:25.152000Z,2023-11-26T10:13:25.093739Z,620.0,C871QPIG,1345,"English, German",40,Female,White,Germany,Germany,Germany,German,No,Full-Time
656317e3df7148db86007ca9,5eba6fc91d81a61c57e844ec,APPROVED,2023-11-26T10:03:20.298000Z,2023-11-26T10:19:51.785000Z,2023-11-26T10:19:52.371000Z,2023-11-26T10:19:52.309486Z,992.0,C871QPIG,18,"German, English",23,Male,White,Germany,Germany,Germany,German,No,DATA_EXPIRED
656317e7d974b22ef85aa154,64401523970682e1282c8682,APPROVED,2023-11-26T10:03:22.042000Z,2023-11-26T10:10:48.736000Z,2023-11-26T10:10:49.468000Z,2023-11-26T10:10:49.401635Z,447.0,C871QPIG,255,"German, English",28,Male,White,Germany,Germany,Germany,German,No,Part-Time
656317fb28c4121b6401c6f7,65033f53e04273a8ae24c2c7,APPROVED,2023-11-26T10:03:42.105000Z,2023-11-26T10:11:43.746000Z,2023-11-26T10:11:44.288000Z,2023-11-26T10:11:44.222393Z,482.0,C871QPIG,55,"English, German",21,Male,White,Germany,Germany,Germany,German,No,Full-Time
6563181549d17889d8a5faa3,604b169fe4b7991ec08da3a6,APPROVED,2023-11-26T10:04:08.077000Z,2023-11-26T10:25:54.485000Z,2023-11-26T10:25:55.013000Z,2023-11-26T10:25:54.945608Z,1307.0,C871QPIG,2297,"English, German",32,Male,White,Russian Federation,Germany,Germany,German,No,Full-Time
65631847ba9e145a221eeefc,5dca6acb45b8f97464410663,APPROVED,2023-11-26T10:04:57.684000Z,2023-11-26T10:29:39.188000Z,2023-11-26T10:29:39.708000Z,2023-11-26T10:29:39.637666Z,1482.0,C871QPIG,1182,"English, German, French",35,Male,White,Germany,Germany,Germany,German,No,Full-Time
6563187a58fc1a695866039f,65170df8def70fb50be8068e,APPROVED,2023-11-26T10:05:51.043000Z,2023-11-26T10:29:57.519000Z,2023-11-26T10:29:58.162000Z,2023-11-26T10:29:58.099105Z,1447.0,C871QPIG,26,"German, Italian, Turkish, Spanish, French",23,Male,White,Turkey,Germany,Turkey,English,Yes,Part-Time
6563188cae2f0355e17aa5f1,5c258d9a3217420001e6bdf4,APPROVED,2023-11-26T10:06:08.758000Z,2023-11-26T10:14:08.537000Z,2023-11-26T10:14:09.128000Z,2023-11-26T10:14:09.063514Z,480.0,C871QPIG,563,"German, English",40,Male,White,Germany,Germany,Germany,German,Yes,Part-Time
6563189eaff167a83105c419,651d24fb72134a07d2708049,APPROVED,2023-11-26T10:06:50.138000Z,2023-11-26T10:12:34.703000Z,2023-11-26T10:12:35.209000Z,2023-11-26T10:12:35.143488Z,345.0,C871QPIG,63,"English, German",26,Male,White,Germany,Germany,Germany,German,No,Full-Time
656319996e59ef440f007b06,638e2654a069e9c741d21ce3,APPROVED,2023-11-26T10:10:36.684000Z,2023-11-26T10:19:25.988000Z,2023-11-26T10:19:26.533000Z,2023-11-26T10:19:26.465794Z,530.0,C871QPIG,177,"English, German, Chinese, French, Other, Russian",25,Female,Asian,Kazakhstan,Germany,Kazakhstan,Russian,Yes,Unemployed (and job seeking)
656319ada06315d4ecfae4dd,63cfbea470ab1bba9db30082,APPROVED,2023-11-26T10:10:55.618000Z,2023-11-26T10:14:02.836000Z,2023-11-26T10:14:03.397000Z,2023-11-26T10:14:03.336766Z,188.0,C871QPIG,279,"English, German, Vietnamese",21,Male,Asian,Vietnam,Germany,Vietnam,Vietnamese,Yes,Unemployed (and job seeking)
656319b76752019f98cf6dc5,63dfd4fb58435f30c7e5b04b,APPROVED,2023-11-26T10:11:07.579000Z,2023-11-26T10:18:08.735000Z,2023-11-26T10:18:09.279000Z,2023-11-26T10:18:09.210277Z,422.0,C871QPIG,670,"English, German, Spanish",31,Male,White,Germany,Germany,Germany,German,Yes,Part-Time
65631a42ccad598917c994a0,61123681461c3abe26ab1bd3,APPROVED,2023-11-26T10:13:26.983000Z,2023-11-26T10:24:13.301000Z,2023-11-26T10:24:13.824000Z,2023-11-26T10:24:13.736869Z,647.0,C871QPIG,1131,"German, English, Chinese",36,Male,Asian,China,Germany,Germany,German,Yes,Part-Time
65631a5843463427fd1712ab,5ec3f04b131a0b09ebac091d,APPROVED,2023-11-26T10:13:44.540000Z,2023-11-26T10:21:58.160000Z,2023-11-26T10:21:58.670000Z,2023-11-26T10:21:58.601740Z,494.0,C871QPIG,1033,"German, Greek, English",34,Female,White,Greece,Germany,Greece,Greek,No,Full-Time
65631a5aba9e145a221eef5d,6559eb6c636ef499cb5e1f85,APPROVED,2023-11-26T10:13:52.405000Z,2023-11-26T10:27:39.263000Z,2023-11-26T10:27:44.789000Z,2023-11-26T10:27:39.715974Z,827.0,C871QPIG,9,"German, English",19,Male,White,Germany,Germany,Germany,German,Yes,Full-Time
65631a638fbbc31e1242459a,613ba1090afacfa15f8af1a5,APPROVED,2023-11-26T10:14:00.619000Z,2023-11-26T10:19:17.386000Z,2023-11-26T10:19:17.896000Z,2023-11-26T10:19:17.836199Z,317.0,C871QPIG,673,"English, German",26,Female,White,Germany,Germany,Germany,German,DATA_EXPIRED,DATA_EXPIRED
65631ab84d363e786bc5dd37,63b87d2c9edd47ad702413a1,APPROVED,2023-11-26T10:15:24.736000Z,2023-11-26T10:27:39.131000Z,2023-11-26T10:27:39.699000Z,2023-11-26T10:27:39.643089Z,735.0,C871QPIG,600,"English, German",24,Male,White,Germany,Germany,Germany,German,DATA_EXPIRED,DATA_EXPIRED
65631acf58fc1a69586603d8,5fbe72941cf1d201bc50c1d4,APPROVED,2023-11-26T10:15:47.772000Z,2023-11-26T10:21:53.044000Z,2023-11-26T10:21:53.546000Z,2023-11-26T10:21:53.491012Z,366.0,C871QPIG,1388,"English, German",36,Female,White,Germany,Germany,Germany,German,No,Part-Time
65631acfbfe8503102600732,63df5291363a42f49e4a7ed1,APPROVED,2023-11-26T10:15:47.936000Z,2023-11-26T10:27:37.190000Z,2023-11-26T10:27:37.707000Z,2023-11-26T10:27:37.645941Z,710.0,C871QPIG,122,"English, German",25,Male,White,Germany,Germany,Germany,German,DATA_EXPIRED,DATA_EXPIRED
65631b2ce817db3fa10a4864,627c9adcf5e3579f7b45be06,APPROVED,2023-11-26T10:17:18.995000Z,2023-11-26T10:25:56.359000Z,2023-11-26T10:25:56.864000Z,2023-11-26T10:25:56.783323Z,518.0,C871QPIG,165,"English, German",32,Male,White,Germany,Germany,Germany,German,No,DATA_EXPIRED
65631b98102822f13aa742ab,650ee297398c1bbc2fc5af4e,APPROVED,2023-11-26T10:20:20.920000Z,2023-11-26T10:26:28.449000Z,2023-11-26T10:26:28.999000Z,2023-11-26T10:26:28.928639Z,368.0,C871QPIG,63,"English, French, German",19,Female,White,Germany,Germany,Germany,German,Yes,Part-Time
65631ba26e59ef440f007b50,65224dc9c3fed0282f24a009,APPROVED,2023-11-26T10:19:21.585000Z,2023-11-26T10:26:44.474000Z,2023-11-26T10:26:44.975000Z,2023-11-26T10:26:44.912289Z,443.0,C871QPIG,34,"English, German, Turkish",28,Male,Mixed,Turkey,Germany,Turkey,Turkish,No,DATA_EXPIRED
65631bcf39993ffa840e74d3,6157117c2d9f999c00bde7f1,APPROVED,2023-11-26T10:20:05.032000Z,2023-11-26T10:26:18.811000Z,2023-11-26T10:26:19.288000Z,2023-11-26T10:26:19.219273Z,374.0,C871QPIG,134,"German, English, French",32,Male,White,Germany,Germany,Germany,German,No,Full-Time
65631c12bbbe0dc4b89aecd3,60513ec07ee46769ed029be4,APPROVED,2023-11-26T10:21:16.641000Z,2023-11-26T10:37:57.557000Z,2023-11-26T10:37:58.120000Z,2023-11-26T10:37:58.057037Z,1001.0,C871QPIG,1786,"German, English",35,Male,White,United States,Germany,Germany,German,No,Full-Time
65631c2519bb4cecffc7fe69,6517b5f6fccf8981620a9713,APPROVED,2023-11-26T10:21:30.954000Z,2023-11-26T10:39:41.824000Z,2023-11-26T10:39:42.442000Z,2023-11-26T10:39:42.379142Z,1091.0,C871QPIG,51,"German, Polish, English",31,Male,White,Germany,Germany,Germany,German,No,Full-Time
65631c4307bb3c72f8a74308,653fc170f1c137b5cd8bcb41,APPROVED,2023-11-26T10:21:55.311000Z,2023-11-26T10:30:33.543000Z,2023-11-26T10:30:34.057000Z,2023-11-26T10:30:33.991142Z,519.0,C871QPIG,36,"German, English",25,Male,White,Germany,Germany,Germany,German,Yes,Part-Time
65631c7462f94e46115fb3e3,60207652caa62b6a34ff96dc,APPROVED,2023-11-26T10:22:47.849000Z,2023-11-26T10:34:51.088000Z,2023-11-26T10:34:51.725000Z,2023-11-26T10:34:51.661866Z,724.0,C871QPIG,1645,"German, English",24,Male,White,Germany,Germany,Germany,German,DATA_EXPIRED,DATA_EXPIRED
65631c7562f94e46115fb3e4,646f3d6f312e8a3ef1e36317,APPROVED,2023-11-26T10:22:45.234000Z,2023-11-26T10:27:40.831000Z,2023-11-26T10:27:41.402000Z,2023-11-26T10:27:41.342462Z,296.0,C871QPIG,318,"English, German",27,Male,White,Germany,Germany,Germany,German,No,Full-Time
65631c7de2a7fcf034bf556e,6505bf98d203c5d5fa787ba9,APPROVED,2023-11-26T10:22:55.579000Z,2023-11-26T10:31:08.481000Z,2023-11-26T10:31:14.062000Z,2023-11-26T10:31:08.986577Z,493.0,C871QPIG,51,"English, German",30,Male,White,Germany,Germany,Germany,German,No,Full-Time
65631cd87bcd810f66b37320,60fd19bb0d1f1d54adccc4fa,APPROVED,2023-11-26T10:24:26.400000Z,2023-11-26T10:29:26.894000Z,2023-11-26T10:29:27.573000Z,2023-11-26T10:29:27.500447Z,301.0,C871QPIG,372,"English, German",20,Female,White,Germany,Germany,Germany,German,No,Unemployed (and job seeking)
65631cf00a5feb37d7a5f6fd,6543cc190d944ce166cd9558,APPROVED,2023-11-26T10:24:52.302000Z,2023-11-26T10:36:28.025000Z,2023-11-26T10:36:28.547000Z,2023-11-26T10:36:28.479379Z,696.0,C871QPIG,10,"English, German, French, Russian, Serbian",18,Male,White,Germany,Germany,Germany,German,Yes,Other
65631d0494d42b4d11185a1b,63be0a89b0ea8ad7548206eb,APPROVED,2023-11-26T10:25:12.090000Z,2023-11-26T10:31:08.291000Z,2023-11-26T10:31:08.820000Z,2023-11-26T10:31:08.760704Z,357.0,C871QPIG,196,"English, German",22,Male,White,Germany,Germany,Germany,German,Yes,Part-Time
65631d099989d4018001ca6c,655d07644de589383042fb39,APPROVED,2023-11-26T10:25:19.798000Z,2023-11-26T10:31:18.807000Z,2023-11-26T10:31:19.349000Z,2023-11-26T10:31:19.280533Z,360.0,C871QPIG,8,"English, German",19,Female,White,Germany,Germany,Germany,German,Yes,"Not in paid work (e.g. homemaker', 'retired or disabled)"
65631d1de4f5a268a959e219,6304a2502fbdd7626ed9c2ac,APPROVED,2023-11-26T10:25:33.911000Z,2023-11-26T10:31:02.665000Z,2023-11-26T10:31:03.184000Z,2023-11-26T10:31:03.125588Z,329.0,C871QPIG,649,"German, English, Spanish",23,Male,White,Germany,Germany,Germany,German,DATA_EXPIRED,Part-Time
65631d396e267d7a7ead5699,5c79a584670f87001646cef6,APPROVED,2023-11-26T10:26:09.927000Z,2023-11-26T10:41:51.957000Z,2023-11-26T10:41:52.507000Z,2023-11-26T10:41:52.446926Z,943.0,C871QPIG,1619,"German, English",71,Female,White,Germany,Germany,Germany,German,No,"Not in paid work (e.g. homemaker', 'retired or disabled)"
65631d40d64d364e644c4e81,63b6bffd4f2d4abe6264472e,APPROVED,2023-11-26T10:26:11.669000Z,2023-11-26T10:31:01.304000Z,2023-11-26T10:31:01.776000Z,2023-11-26T10:31:01.712739Z,290.0,C871QPIG,216,"English, German",38,Male,White,Germany,Germany,Germany,German,No,Unemployed (and job seeking)
65631d8158fc1a6958660408,654a71bbc73970713362a94d,APPROVED,2023-11-26T10:27:16.908000Z,2023-11-26T10:37:51.035000Z,2023-11-26T10:37:51.570000Z,2023-11-26T10:37:51.508670Z,635.0,C871QPIG,26,"English, German",27,Male,White,Germany,Germany,Germany,German,Yes,Part-Time
65631dee0741f7a77c6007f4,60fd8d95b59b06d4415c8ccb,APPROVED,2023-11-26T10:29:08.107000Z,2023-11-26T10:36:07.751000Z,2023-11-26T10:36:08.269000Z,2023-11-26T10:36:08.210213Z,420.0,C871QPIG,1093,"English, German, Spanish",29,Male,White,Germany,Germany,Germany,German,DATA_EXPIRED,DATA_EXPIRED
65631e2e5e9a86ae42bf4ff3,5a942689b5e2110001c67d93,APPROVED,2023-11-26T10:38:14.058000Z,2023-11-26T10:43:53.985000Z,2023-11-26T10:43:54.520000Z,2023-11-26T10:43:54.462328Z,340.0,C871QPIG,1162,"English, German",33,Male,White,Germany,Germany,Germany,German,DATA_EXPIRED,DATA_EXPIRED
65631e332d4f1e21cfc803bf,64ef6d994d6b1f11074bdfcf,APPROVED,2023-11-26T10:30:16.066000Z,2023-11-26T10:36:08.498000Z,2023-11-26T10:36:09.104000Z,2023-11-26T10:36:09.039972Z,353.0,C871QPIG,116,"English, German",26,Male,White,Germany,Germany,Germany,German,No,Full-Time
65631e3c58fc1a6958660417,6532825749ca31d35c5cc482,APPROVED,2023-11-26T10:35:13.810000Z,2023-11-26T10:56:13.155000Z,2023-11-26T10:56:13.664000Z,2023-11-26T10:56:13.597133Z,1260.0,C871QPIG,46,"English, German, Turkish",36,Male,White,Germany,Germany,Germany,German,No,Full-Time
65631e7c5b002a6ce8e41b4f,63ebd41e5ff2ef71859ea5aa,APPROVED,2023-11-26T10:31:28.324000Z,2023-11-26T10:40:44.035000Z,2023-11-26T10:40:44.787000Z,2023-11-26T10:40:44.715154Z,556.0,C871QPIG,447,"German, English",24,Male,White,Germany,Germany,Germany,German,No,DATA_EXPIRED
65631e81ccad598917c9953a,646331a728735084983be09b,APPROVED,2023-11-26T10:31:29.376000Z,2023-11-26T10:39:16.089000Z,2023-11-26T10:39:16.626000Z,2023-11-26T10:39:16.562436Z,467.0,C871QPIG,173,"English, German",35,Male,White,Germany,Germany,Germany,German,No,Due to start a new job within the next month
65631e828fbbc31e1242460c,5bbbdca68f3bd70001e713ef,APPROVED,2023-11-26T10:31:35.201000Z,2023-11-26T10:38:42.662000Z,2023-11-26T10:38:43.311000Z,2023-11-26T10:38:43.238722Z,428.0,C871QPIG,1541,"German, English",36,Male,White,Germany,Germany,Germany,German,DATA_EXPIRED,DATA_EXPIRED
65631e856e59ef440f007bac,6053d1011605ac6f3164bc99,APPROVED,2023-11-26T10:31:33.886000Z,2023-11-26T11:05:50.278000Z,2023-11-26T11:05:50.823000Z,2023-11-26T11:05:50.755883Z,2057.0,C871QPIG,396,"English, German, Turkish, Spanish",26,Male,Other,Turkey,Germany,Turkey,Turkish,Yes,Full-Time
65631e8a49d17889d8a5fb68,6521ac4e830108f7281e8644,APPROVED,2023-11-26T10:31:45.784000Z,2023-11-26T10:39:04.030000Z,2023-11-26T10:39:04.574000Z,2023-11-26T10:39:04.512001Z,439.0,C871QPIG,92,"German, English",26,Male,White,Germany,Germany,Germany,German,No,Full-Time
65631eb581a59126918ac122,63319b82500975d5229112f6,APPROVED,2023-11-26T10:32:21.355000Z,2023-11-26T10:39:38.759000Z,2023-11-26T10:39:39.351000Z,2023-11-26T10:39:39.288256Z,438.0,C871QPIG,488,"German, English",30,Male,White,Germany,Germany,Germany,German,No,Unemployed (and job seeking)
65631ef35f684628b4cab9d2,65269e7cf9e81cf7bda6e669,APPROVED,2023-11-26T10:33:28.503000Z,2023-11-26T10:41:30.392000Z,2023-11-26T10:41:30.921000Z,2023-11-26T10:41:30.855368Z,482.0,C871QPIG,51,"German, Turkish, Bulgarian, English",29,Male,White,Bulgaria,Germany,Bulgaria,Bulgarian,No,Full-Time
65631f024d363e786bc5ddb6,654baf4c709dd68c04a8b09a,APPROVED,2023-11-26T10:33:41.673000Z,2023-11-26T10:40:21.421000Z,2023-11-26T10:40:21.932000Z,2023-11-26T10:40:21.866655Z,400.0,C871QPIG,18,"English, German",24,Male,White,Germany,Germany,Germany,German,Yes,Part-Time
65631f65af788989fed64cf0,65426792dac360c44e4908a7,APPROVED,2023-11-26T10:39:06.928000Z,2023-11-26T10:48:36.912000Z,2023-11-26T10:48:37.434000Z,2023-11-26T10:48:37.369519Z,570.0,C871QPIG,38,"German, Turkish",26,Female,White,Germany,Germany,Turkey,German,No,Unemployed (and job seeking)
6563203b6752019f98cf6e8d,6546ae64283c55141ad64787,APPROVED,2023-11-26T10:39:02.689000Z,2023-11-26T10:47:47.411000Z,2023-11-26T10:47:47.999000Z,2023-11-26T10:47:47.935566Z,525.0,C871QPIG,13,"German, Turkish",28,Female,White,Turkey,Germany,Turkey,Turkish,No,Full-Time
656328bc6e267d7a7ead5816,606b94352e103bc54d43321b,APPROVED,2023-11-26T11:15:23.621000Z,2023-11-26T11:27:23.327000Z,2023-11-26T11:27:23.857000Z,2023-11-26T11:27:23.799543Z,720.0,C871QPIG,566,"Vietnamese, German, English",27,Male,Asian,United States,Germany,United States,German,Yes,Part-Time
656328d9ed7a09c1aec5ba5b,655a1fdedea00c26288804ba,APPROVED,2023-11-26T11:15:43.212000Z,2023-11-26T11:31:33.746000Z,2023-11-26T11:31:34.761000Z,2023-11-26T11:31:34.695591Z,951.0,C871QPIG,1,"Croatian, English, German",26,Female,White,Croatia,Germany,Croatia,Croatian,No,Full-Time
65646ac6fb1099751a660e91,65465caa5dcdb76a16d563b3,APPROVED,2023-11-27T10:10:00.599000Z,2023-11-27T10:19:31.954000Z,2023-11-27T10:19:32.523000Z,2023-11-27T10:19:32.451188Z,572.0,C871QPIG,45,"English, German, French, Chinese, Spanish, Italian, Czech",24,Male,Mixed,Germany,Germany,Azerbaijan,German,No,Full-Time
65646ad53724e1da9a2de94a,6521568f62c55df10e59dc9a,APPROVED,2023-11-27T10:10:17.885000Z,2023-11-27T10:25:51.733000Z,2023-11-27T10:25:52.446000Z,2023-11-27T10:25:52.381827Z,934.0,C871QPIG,80,"English, German, French, Italian, Spanish, Swedish, Dutch",24,Male,White,Azerbaijan,Germany,Azerbaijan,Turkish,No,Due to start a new job within the next month
65646adb5a936025cd45c024,653adf50c2b4d95715fa0383,APPROVED,2023-11-27T10:09:36.388000Z,2023-11-27T10:20:43.592000Z,2023-11-27T10:20:44.182000Z,2023-11-27T10:20:44.103229Z,668.0,C871QPIG,24,"Turkish, German",31,Male,Other,Turkey,Germany,Turkey,Turkish,No,Unemployed (and job seeking)
65646adec09a2d11f05cf5bd,62ea83d29a7ce920cbc1de32,APPROVED,2023-11-27T10:09:34.533000Z,2023-11-27T10:21:30.656000Z,2023-11-27T10:21:31.498000Z,2023-11-27T10:21:31.427338Z,717.0,C871QPIG,624,German,39,Male,White,Germany,Germany,Germany,German,No,Other
65646aeb5795cf94f3d4d267,642b49113eed840aadcde385,APPROVED,2023-11-27T10:09:47.143000Z,2023-11-27T10:17:09.498000Z,2023-11-27T10:17:10.090000Z,2023-11-27T10:17:10.010617Z,443.0,C871QPIG,402,"German, English",24,Male,White,Germany,Germany,Germany,German,No,Full-Time
65646aec7692418b54d95366,5dea808cce8d8d19f5424b21,APPROVED,2023-11-27T10:09:48.786000Z,2023-11-27T10:17:16.240000Z,2023-11-27T10:17:16.792000Z,2023-11-27T10:17:16.739822Z,448.0,C871QPIG,1519,"French, English, German",35,Male,White,Germany,Germany,Germany,German,DATA_EXPIRED,DATA_EXPIRED
65646aee3a2ef3521cdfee09,655f017761462616d393ed61,APPROVED,2023-11-27T10:09:55.125000Z,2023-11-27T10:14:06.602000Z,2023-11-27T10:14:07.177000Z,2023-11-27T10:14:07.116525Z,252.0,C871QPIG,8,"English, German, Spanish",26,Female,White,Germany,Germany,Germany,German,Yes,Full-Time
65646af677fc9ed75d804167,652949be2a743fbdced5ca8c,APPROVED,2023-11-27T10:09:58.542000Z,2023-11-27T10:18:12.580000Z,2023-11-27T10:18:13.250000Z,2023-11-27T10:18:13.190565Z,495.0,C871QPIG,89,"English, German",22,Female,Asian,Germany,Germany,Germany,German,Yes,Part-Time
65646af745c5dc6c8f218b30,65034478b7a228b2bdfdca5c,APPROVED,2023-11-27T10:10:30.006000Z,2023-11-27T10:18:57.211000Z,2023-11-27T10:18:57.816000Z,2023-11-27T10:18:57.730252Z,508.0,C871QPIG,113,"Greek, German, English",28,Female,White,Greece,Germany,Greece,Greek,No,Full-Time
65646af761ff1033c84ba602,6458f51ce9dfaceaf66923b7,APPROVED,2023-11-27T10:09:59.649000Z,2023-11-27T10:15:58.668000Z,2023-11-27T10:15:59.204000Z,2023-11-27T10:15:59.126433Z,360.0,C871QPIG,336,"German, English",30,Male,White,Germany,Germany,Germany,German,No,Full-Time
65646afd3a2ef3521cdfee0e,59a426b35fd74b0001abfa4f,APPROVED,2023-11-27T10:10:11.097000Z,2023-11-27T10:14:50.721000Z,2023-11-27T10:14:51.384000Z,2023-11-27T10:14:51.319873Z,280.0,C871QPIG,1652,"English, German",41,Female,White,Germany,Germany,Germany,German,No,Full-Time
65646b057d75c406f3cabfa2,6516d540a78298897619e273,APPROVED,2023-11-27T10:10:39.970000Z,2023-11-27T10:17:40.444000Z,2023-11-27T10:17:40.986000Z,2023-11-27T10:17:40.886048Z,421.0,C871QPIG,88,"English, German",26,Female,White,Germany,Germany,Germany,German,No,Full-Time
65646b083c69dad4094ba419,6516ee5ec5311220325ff79b,APPROVED,2023-11-27T10:11:19.422000Z,2023-11-27T10:16:47.581000Z,2023-11-27T10:16:48.378000Z,2023-11-27T10:16:48.294573Z,329.0,C871QPIG,78,"English, German",33,Female,White,Germany,Germany,Germany,German,Yes,Part-Time
65646b11388724822ff0af96,5c851854f9d18a00165561b6,APPROVED,2023-11-27T10:10:29.082000Z,2023-11-27T10:16:50.382000Z,2023-11-27T10:16:50.983000Z,2023-11-27T10:16:50.850426Z,382.0,C871QPIG,1376,German,35,Male,White,Germany,Germany,Germany,German,No,Full-Time
65646b1a0c2ef6d8a95d9d06,5d0f89123382180001624f48,APPROVED,2023-11-27T10:10:40.774000Z,2023-11-27T10:21:25.349000Z,2023-11-27T10:21:26.099000Z,2023-11-27T10:21:26.033423Z,645.0,C871QPIG,2059,"German, English, Spanish",31,Female,White,Germany,Germany,Germany,German,No,Full-Time
65646b24cb76a98af87a3296,654a43549c84b61cf7eed109,APPROVED,2023-11-27T10:10:44.682000Z,2023-11-27T10:39:01.642000Z,2023-11-27T10:39:02.408000Z,2023-11-27T10:39:02.343552Z,1697.0,C871QPIG,26,"German, English",33,Male,White,Kyrgyzstan,Germany,Germany,German,No,Full-Time
65646b255f08520e9161a223,5e0108b7867681cf186893dc,APPROVED,2023-11-27T10:10:52.506000Z,2023-11-27T10:22:58.517000Z,2023-11-27T10:22:59.081000Z,2023-11-27T10:22:59.019523Z,727.0,C871QPIG,406,"German, French, English",33,Female,White,United Kingdom,Germany,United Kingdom,English,Yes,"Not in paid work (e.g. homemaker', 'retired or disabled)"
65646b296654e2eaf4755ff7,6554d26c5dae0f7aa6a24b19,APPROVED,2023-11-27T10:10:49.081000Z,2023-11-27T10:18:26.757000Z,2023-11-27T10:18:27.356000Z,2023-11-27T10:18:27.287399Z,458.0,C871QPIG,9,"English, German, Turkish",26,Male,Mixed,Afghanistan,Germany,Afghanistan,DATA_EXPIRED,No,DATA_EXPIRED
65646b2c22ab62b9b8793539,63e54d21880e35ad07f6d212,APPROVED,2023-11-27T10:10:52.121000Z,2023-11-27T10:16:24.631000Z,2023-11-27T10:16:25.308000Z,2023-11-27T10:16:25.182803Z,333.0,C871QPIG,247,"English, German",25,Female,White,Germany,Germany,Germany,German,Yes,Part-Time
65646b3017f4216047582149,653128a510c3e3686565e042,APPROVED,2023-11-27T10:11:08.886000Z,2023-11-27T10:26:15.045000Z,2023-11-27T10:26:15.611000Z,2023-11-27T10:26:15.548834Z,907.0,C871QPIG,40,"English, German, French",22,Female,White,Germany,Germany,Germany,German,No,Full-Time
65646b3332508d019d7cda9e,63b6bfc861dd62d55125a428,APPROVED,2023-11-27T10:11:06.767000Z,2023-11-27T10:15:58.721000Z,2023-11-27T10:16:04.282000Z,2023-11-27T10:15:59.188001Z,292.0,C871QPIG,524,"German, English",41,Male,White,Germany,Germany,Germany,German,No,DATA_EXPIRED
65646b347f9f126600cea117,591a1f4800a5650001276188,APPROVED,2023-11-27T10:11:00.700000Z,2023-11-27T10:19:21.924000Z,2023-11-27T10:19:22.667000Z,2023-11-27T10:19:22.606995Z,502.0,C871QPIG,2099,"English, German",39,Male,White,Germany,Germany,Germany,German,No,Full-Time
65646b3800f09f83ddc59017,6517283ed2294dbc8561979d,APPROVED,2023-11-27T10:11:06.397000Z,2023-11-27T10:20:55.317000Z,2023-11-27T10:20:55.968000Z,2023-11-27T10:20:55.880257Z,589.0,C871QPIG,45,"German, English",36,Male,White,Germany,Germany,Germany,German,No,Full-Time
65646b3ba8a7745653804162,60be1ebd38d04cdbd9f58121,APPROVED,2023-11-27T10:11:07.781000Z,2023-11-27T10:35:50.768000Z,2023-11-27T10:35:51.355000Z,2023-11-27T10:35:51.293092Z,1483.0,C871QPIG,1214,"English, German",31,Male,White,Germany,Germany,Germany,German,No,Full-Time
65646b3c0aa2c99032928809,6516d320f8bbd6e434d61178,APPROVED,2023-11-27T10:11:11.312000Z,2023-11-27T10:15:44.563000Z,2023-11-27T10:15:45.229000Z,2023-11-27T10:15:45.472987Z,274.0,C871QPIG,70,"German, English",23,Male,White,Germany,Germany,Germany,German,Yes,Part-Time
65646b458584d0ba752127c2,653671ae2ac8d502b52b1bb3,APPROVED,2023-11-27T10:11:31.105000Z,2023-11-27T10:17:23.135000Z,2023-11-27T10:17:23.751000Z,2023-11-27T10:17:23.672213Z,353.0,C871QPIG,45,"German, English",29,Male,White,Germany,Germany,Germany,German,No,Full-Time
65646b474ffa74f4a9bde2bb,6384d76e3da4c98dc29e390b,APPROVED,2023-11-27T10:12:52.068000Z,2023-11-27T10:29:52.375000Z,2023-11-27T10:29:52.926000Z,2023-11-27T10:29:52.829612Z,1021.0,C871QPIG,289,"English, German, Spanish",25,Female,Mixed,Ecuador,Germany,Germany,Spanish,Yes,DATA_EXPIRED
65646b4d43f2d20e273e96ba,651f003609736cc7a85d4328,APPROVED,2023-11-27T10:11:42.847000Z,2023-11-27T10:20:40.510000Z,2023-11-27T10:20:41.153000Z,2023-11-27T10:20:41.092934Z,538.0,C871QPIG,0,"German, English",19,Male,White,Germany,Germany,Germany,German,Yes,Other
65646b4d24fa8c0efed728f0,653bbdbd990bb0039d427925,APPROVED,2023-11-27T10:11:25.742000Z,2023-11-27T10:56:22.192000Z,2023-11-27T10:56:22.800000Z,2023-11-27T10:56:22.721260Z,2697.0,C871QPIG,30,"Croatian, English, German",28,Male,White,Bosnia and Herzegovina,Germany,Bosnia and Herzegovina,English,No,Full-Time
65646b515795cf94f3d4d278,65391a2dd3891218aa18979d,APPROVED,2023-11-27T10:11:32.549000Z,2023-11-27T10:19:56.556000Z,2023-11-27T10:19:58.814000Z,2023-11-27T10:19:57.064426Z,505.0,C871QPIG,19,"German, English",28,Male,White,Germany,Germany,Germany,German,No,DATA_EXPIRED
65646b59b5b7e95e37b7830b,653d475585154bd1870fc810,APPROVED,2023-11-27T10:11:43.083000Z,2023-11-27T10:16:03.754000Z,2023-11-27T10:16:09.353000Z,2023-11-27T10:16:04.267602Z,261.0,C871QPIG,44,"English, German",35,Male,White,United States,Germany,Germany,English,No,Part-Time
65646b730f53a45621c268c3,6516d321ac5a66a7aef87507,APPROVED,2023-11-27T10:12:05.891000Z,2023-11-27T10:19:08.847000Z,2023-11-27T10:19:09.465000Z,2023-11-27T10:19:09.396196Z,423.0,C871QPIG,70,"English, German",26,Male,Mixed,Hong Kong,Germany,Germany,English,Yes,Part-Time
65646b909f39817413391577,6039b30f86b21c537bfb9448,APPROVED,2023-11-27T10:12:37.250000Z,2023-11-27T10:44:05.007000Z,2023-11-27T10:44:05.572000Z,2023-11-27T10:44:05.499293Z,1888.0,C871QPIG,410,"English, German",29,Male,White,Germany,Germany,Switzerland,German,Yes,Full-Time
65646b943a3a4db25b61a235,63f6216fd56701af4b7188f4,APPROVED,2023-11-27T10:12:39.635000Z,2023-11-27T10:16:47.908000Z,2023-11-27T10:16:53.456000Z,2023-11-27T10:16:48.371297Z,249.0,C871QPIG,522,"English, German",30,Male,White,Germany,Germany,Germany,German,No,Full-Time
65646bbbb430876e8dae74e8,5f4cde1cbfcaa81fc4dbf57d,APPROVED,2023-11-27T10:13:15.766000Z,2023-11-27T10:21:43.518000Z,2023-11-27T10:21:44.211000Z,2023-11-27T10:21:44.147717Z,508.0,C871QPIG,1201,"English, German",33,Female,White,Germany,Germany,Germany,English,No,Full-Time
65646bbc17f4216047582161,63baad740ebc46434ebad8c5,AWAITING REVIEW,2023-11-27T10:13:19.401000Z,2023-11-27T10:16:48.999000Z,,2023-11-27T10:16:49.446823Z,210.0,NOCODE,290,"English, German, Croatian",33,Female,White,Bosnia and Herzegovina,Germany,Germany,German,No,Full-Time
65646bc8b7965133597d9d83,611599c2d68c11e25569d969,APPROVED,2023-11-27T10:13:31.029000Z,2023-11-27T10:18:18.257000Z,2023-11-27T10:18:18.815000Z,2023-11-27T10:18:18.742982Z,288.0,C871QPIG,226,"Czech, English, German",23,Female,White,Germany,Germany,Germany,German,Yes,Part-Time
65646be568ae0fb48a62f577,63e1187a668c92bfd9371d1e,APPROVED,2023-11-27T10:14:01.867000Z,2023-11-27T10:19:57.354000Z,2023-11-27T10:20:03.022000Z,2023-11-27T10:19:57.947138Z,356.0,C871QPIG,543,"English, German",25,Female,White,Germany,Germany,Germany,German,Yes,Part-Time
65646c039008bbee18879c88,616697584fc8aeeaedd56952,APPROVED,2023-11-27T10:14:31.841000Z,2023-11-27T10:21:44.903000Z,2023-11-27T10:21:45.450000Z,2023-11-27T10:21:45.391644Z,434.0,C871QPIG,241,"English, German",33,Male,White,Germany,Germany,Germany,German,No,Full-Time
65646c0943f2d20e273e96ca,6480b160d51d051b42f67b3d,APPROVED,2023-11-27T10:15:51.671000Z,2023-11-27T10:24:12.945000Z,2023-11-27T10:24:18.531000Z,2023-11-27T10:24:13.447912Z,502.0,C871QPIG,186,"English, German",22,Male,White,Germany,Germany,Germany,German,Yes,Other
65646c1c80bc5b24b45d9e32,65413d7a889c08941364abb6,APPROVED,2023-11-27T10:15:10.632000Z,2023-11-27T10:23:52.615000Z,2023-11-27T10:23:53.265000Z,2023-11-27T10:23:53.185109Z,522.0,C871QPIG,16,"English, German",33,Female,White,Germany,Germany,Germany,German,Yes,DATA_EXPIRED
65646c4878717afe1cf91890,631f3fde43831da4ae27754b,APPROVED,2023-11-27T10:15:39.710000Z,2023-11-27T10:23:30.491000Z,2023-11-27T10:23:31.071000Z,2023-11-27T10:23:30.981563Z,471.0,C871QPIG,330,"English, German",34,Female,White,Germany,Germany,Germany,German,No,Full-Time
65646c5dc22dd32884660ebe,5b0a869f1e55760001b93fa3,APPROVED,2023-11-27T10:15:59.720000Z,2023-11-27T10:19:42.621000Z,2023-11-27T10:19:43.108000Z,2023-11-27T10:19:43.046729Z,223.0,C871QPIG,1348,"French, German, English",40,Male,White,Germany,Germany,Germany,German,No,Full-Time
65646c7627e95803de110764,6082e666f316e1cd71c0bd95,APPROVED,2023-11-27T10:16:22.966000Z,2023-11-27T10:22:18.369000Z,2023-11-27T10:22:18.956000Z,2023-11-27T10:22:18.883989Z,356.0,C871QPIG,1242,"English, German",23,Male,White,Germany,Germany,Germany,German,No,Full-Time
65646c92859288d48998a3ad,642bdf7d98755ff534344cfe,APPROVED,2023-11-27T10:16:58.673000Z,2023-11-27T10:22:37.403000Z,2023-11-27T10:22:38.214000Z,2023-11-27T10:22:38.155226Z,339.0,C871QPIG,365,"English, German",33,Female,White,Germany,Germany,Germany,German,DATA_EXPIRED,DATA_EXPIRED
65646caa9797c8756b3dfd71,63d381b5cd3af4cf6e5f2435,APPROVED,2023-11-27T10:17:23.753000Z,2023-11-27T10:27:22.578000Z,2023-11-27T10:27:23.128000Z,2023-11-27T10:27:23.054381Z,599.0,C871QPIG,30,"English, German",19,Male,White,Germany,Germany,Germany,German,No,Full-Time
65646cab68ae0fb48a62f5a4,6547a2a06bbcf630953389db,APPROVED,2023-11-27T10:17:20.076000Z,2023-11-27T10:24:43.507000Z,2023-11-27T10:24:44.074000Z,2023-11-27T10:24:44.006855Z,444.0,C871QPIG,22,German,20,Male,White,Greece,Germany,Greece,Turkish,Yes,Part-Time
65646cb12d10cbe7504ba48e,5ff5922c4721d5000981fcde,APPROVED,2023-11-27T10:17:23.920000Z,2023-11-27T10:19:15.789000Z,2023-11-27T10:19:16.402000Z,2023-11-27T10:19:16.355221Z,112.0,C871QPIG,95,"German, Polish",21,Male,White,Poland,Germany,Poland,Polish,No,Full-Time
65646cc58584d0ba752127ea,613b5e02f007dc6d30164fb3,APPROVED,2023-11-27T10:17:44.266000Z,2023-11-27T10:26:00.383000Z,2023-11-27T10:26:00.968000Z,2023-11-27T10:26:00.890975Z,497.0,C871QPIG,199,"English, French, German",26,Male,White,Germany,Germany,Germany,German,No,Full-Time
65646d1dafacdb598598a40a,60fdd779a2a8a9f245363ea7,APPROVED,2023-11-27T10:19:11.471000Z,2023-11-27T10:24:12.387000Z,2023-11-27T10:24:16.085000Z,2023-11-27T10:24:12.883222Z,301.0,C871QPIG,105,"German, English, French, Italian, Spanish",38,Male,White,Germany,Germany,Germany,German,No,Full-Time
65646d2af269e31d57e75882,6536973604f263f3c70495bf,APPROVED,2023-11-27T10:19:25.872000Z,2023-11-27T10:30:00.338000Z,2023-11-27T10:30:01.017000Z,2023-11-27T10:30:00.948193Z,635.0,C871QPIG,65,"English, German",30,Male,White,Germany,Germany,Germany,German,Yes,Full-Time
65646d479bc8db7d51fd3712,614e3c3154ce3c5d13251576,APPROVED,2023-11-27T10:19:54.628000Z,2023-11-27T10:24:03.409000Z,2023-11-27T10:24:03.964000Z,2023-11-27T10:24:03.907065Z,249.0,C871QPIG,502,"English, German",40,Male,White,Germany,Germany,Germany,German,No,Part-Time
65646d4b6efb7d5de95cf5e2,65503a190295466f116b6f92,APPROVED,2023-11-27T10:20:04.871000Z,2023-11-27T10:32:15.222000Z,2023-11-27T10:32:15.813000Z,2023-11-27T10:32:15.747613Z,731.0,C871QPIG,10,"German, Turkish, English",19,Male,White,Germany,Germany,Germany,German,No,Other
65646da117f3d809602ecec5,6516d4559fa6dba6b35395ac,APPROVED,2023-11-27T10:21:21.439000Z,2023-11-27T10:29:12.971000Z,2023-11-27T10:29:13.512000Z,2023-11-27T10:29:13.452148Z,472.0,C871QPIG,42,"French, German, Italian, English, Korean",22,Female,Mixed,Turkey,Germany,Germany,German,Yes,DATA_EXPIRED
65646da9c0ebe55ebf212849,5d6fda2bde432b0019b19ba7,APPROVED,2023-11-27T10:21:34.872000Z,2023-11-27T10:31:31.669000Z,2023-11-27T10:31:37.295000Z,2023-11-27T10:31:32.211302Z,597.0,C871QPIG,1286,"English, German",56,Male,White,Germany,Germany,Germany,German,No,Full-Time
65646dd33a2ef3521cdfee6b,6522b07cf3d1949895af05f3,APPROVED,2023-11-27T10:22:11.857000Z,2023-11-27T10:29:26.942000Z,2023-11-27T10:29:27.443000Z,2023-11-27T10:29:27.375297Z,436.0,C871QPIG,44,"English, German, Kurdish, Turkish, Spanish",23,Male,Other,Germany,Germany,Germany,German,Yes,Other
65646dfdce36a230e7c29ab0,6550db0e7fede9c068b3a022,APPROVED,2023-11-27T10:22:59Z,2023-11-27T10:30:17.654000Z,2023-11-27T10:30:18.206000Z,2023-11-27T10:30:18.133443Z,439.0,C871QPIG,14,"English, German, French, Spanish",18,Female,White,United Kingdom,Germany,United Kingdom,English,Yes,Full-Time
65646e05d125a218fdf89ab0,646219bb0b91a6f3327e39fb,APPROVED,2023-11-27T10:23:03.388000Z,2023-11-27T11:01:32.483000Z,2023-11-27T11:01:33.066000Z,2023-11-27T11:01:32.990482Z,2310.0,C871QPIG,242,"German, English",32,Female,Mixed,Germany,Germany,Germany,German,No,Full-Time
65646e19f09342e4f1110815,6467da9866656b457f1f35ae,APPROVED,2023-11-27T10:23:25.696000Z,2023-11-27T10:29:05.742000Z,2023-11-27T10:29:06.403000Z,2023-11-27T10:29:06.321861Z,341.0,C871QPIG,336,"English, German",33,Male,White,Germany,Germany,Germany,German,No,Full-Time
65646e2581bace92077d9e64,63c011a88d2fc0b0b50b51fb,APPROVED,2023-11-27T10:23:38.231000Z,2023-11-27T10:29:19.702000Z,2023-11-27T10:29:20.247000Z,2023-11-27T10:29:20.181865Z,342.0,C871QPIG,78,"German, English",23,Female,White,Germany,Germany,Germany,German,DATA_EXPIRED,Part-Time
65646e3043dbd5ac3a0f0493,63b6c7ef20c45fd1cff1ddca,APPROVED,2023-11-27T10:23:48.318000Z,2023-11-27T10:34:55.107000Z,2023-11-27T10:34:55.690000Z,2023-11-27T10:34:55.628138Z,667.0,C871QPIG,577,"German, English",46,Male,White,Germany,Germany,Germany,German,No,DATA_EXPIRED
65646e5276fdad58ad0b7445,5b21646bdf28a7000166f4dc,APPROVED,2023-11-27T10:24:24.628000Z,2023-11-27T10:32:40.668000Z,2023-11-27T10:32:41.309000Z,2023-11-27T10:32:41.249696Z,497.0,C871QPIG,1452,"English, German",32,Male,White,Germany,Germany,Germany,German,No,Part-Time
65646e5818da7f81f8c59029,6558c850ec1a05d63f1d04c6,APPROVED,2023-11-27T10:24:38.126000Z,2023-11-27T10:35:25.416000Z,2023-11-27T10:35:25.936000Z,2023-11-27T10:35:25.874607Z,648.0,C871QPIG,8,"English, German",30,Male,White,Germany,Germany,Germany,German,Yes,Part-Time
65646e61d2625686197a331c,654016c03b0bacfba3451f95,APPROVED,2023-11-27T10:24:54.912000Z,2023-11-27T10:31:30.943000Z,2023-11-27T10:31:32.577000Z,2023-11-27T10:31:31.463292Z,397.0,C871QPIG,22,"German, English",23,Male,White,Germany,Germany,Germany,German,Yes,Part-Time
65646e749f398174133915fb,652fd7a6033e9f0fa4a1cf79,APPROVED,2023-11-27T10:24:56.392000Z,2023-11-27T10:37:12.462000Z,2023-11-27T10:37:13.025000Z,2023-11-27T10:37:12.953606Z,737.0,C871QPIG,33,"English, German, Russian, Turkish",26,Female,White,Turkey,Germany,Turkey,Turkish,Yes,Part-Time
65646e751e1c964ca2c07cf6,6463402e2e37bb8a9b62e55a,APPROVED,2023-11-27T10:25:03.312000Z,2023-11-27T10:34:37.453000Z,2023-11-27T10:34:38.120000Z,2023-11-27T10:34:38.060922Z,575.0,C871QPIG,331,"Arabic, English, German",38,Male,White,Syrian Arab Republic,Germany,Germany,Arabic,DATA_EXPIRED,DATA_EXPIRED
65646ef90c2ef6d8a95d9daf,604e43ea58d1b8206e9d85ba,APPROVED,2023-11-27T10:27:09.261000Z,2023-11-27T10:33:21.204000Z,2023-11-27T10:33:21.865000Z,2023-11-27T10:33:21.800571Z,372.0,C871QPIG,271,"English, German",32,Female,White,Germany,Germany,Germany,German,No,DATA_EXPIRED
65646efed320c7d56995ae9c,6516d74904d46519d544f671,APPROVED,2023-11-27T10:27:14.154000Z,2023-11-27T10:36:08.858000Z,2023-11-27T10:36:09.421000Z,2023-11-27T10:36:09.327495Z,535.0,C871QPIG,53,"German, English",34,Female,White,Germany,Germany,Germany,German,No,Full-Time
65646f431ece21efbac911c3,5ff5b79027696804bc79d938,APPROVED,2023-11-27T10:28:22.848000Z,2023-11-27T10:37:20.842000Z,2023-11-27T10:37:21.401000Z,2023-11-27T10:37:21.339883Z,538.0,C871QPIG,472,"German, English",31,Female,White,Germany,Germany,Germany,German,DATA_EXPIRED,DATA_EXPIRED
65646f69b42b246b262a7b7f,652d1a0830b934d1643b80c5,APPROVED,2023-11-27T10:29:08.544000Z,2023-11-27T10:40:57.405000Z,2023-11-27T10:40:57.923000Z,2023-11-27T10:40:57.836745Z,709.0,C871QPIG,41,"German, English",32,Male,White,Germany,Germany,Germany,German,Yes,"Not in paid work (e.g. homemaker', 'retired or disabled)"
65646f9a4a0842d14062f719,615416df060f5730a1d4e113,APPROVED,2023-11-27T10:29:56.255000Z,2023-11-27T10:44:16.720000Z,2023-11-27T10:44:17.231000Z,2023-11-27T10:44:17.169921Z,861.0,C871QPIG,781,"English, German",46,Male,White,Germany,Germany,Germany,German,No,Part-Time
65646f9e9c88223951cab844,64f0a98fff4e93930844b9bc,APPROVED,2023-11-27T10:29:53.764000Z,2023-11-27T10:36:04.759000Z,2023-11-27T10:36:05.326000Z,2023-11-27T10:36:05.258414Z,371.0,C871QPIG,45,"English, German",25,Female,White,Germany,Germany,Germany,German,Yes,Part-Time
65646faa57e52601ae58228f,650c4122f0653d12233a18d9,APPROVED,2023-11-27T10:30:05.715000Z,2023-11-27T10:39:07.841000Z,2023-11-27T10:39:08.469000Z,2023-11-27T10:39:08.403009Z,543.0,C871QPIG,46,"English, German, Turkish",27,Male,White,Germany,Germany,Germany,German,No,Full-Time
6564702043f2d20e273e9774,62837113d02e5a491c699e3e,APPROVED,2023-11-27T10:32:07.217000Z,2023-11-27T10:38:43.244000Z,2023-11-27T10:38:43.964000Z,2023-11-27T10:38:43.895835Z,397.0,C871QPIG,257,"English, German",33,Female,White,Germany,Germany,Germany,German,DATA_EXPIRED,DATA_EXPIRED
65647058a8d19b373856ac9c,601c5471aaa42f75036d5a62,APPROVED,2023-11-27T10:33:01.327000Z,2023-11-27T10:40:35.390000Z,2023-11-27T10:40:35.873000Z,2023-11-27T10:40:35.808732Z,455.0,C871QPIG,692,"German, English",21,Male,White,Germany,Germany,Germany,German,No,Part-Time
656470785f08520e9161a302,627bfb2f36ebfee5acc5a8d5,APPROVED,2023-11-27T10:33:47.485000Z,2023-11-27T10:38:24.938000Z,2023-11-27T10:38:25.502000Z,2023-11-27T10:38:25.430410Z,278.0,C871QPIG,301,"English, German, Turkish",23,Female,White,Germany,Germany,Germany,German,No,Full-Time
656470b90aa2c990329288ae,6322daf7527d926f7a35e888,APPROVED,2023-11-27T10:34:40.889000Z,2023-11-27T10:44:51.940000Z,2023-11-27T10:44:52.431000Z,2023-11-27T10:44:52.365554Z,612.0,C871QPIG,130,"English, German",19,Male,White,Germany,Germany,Germany,German,Yes,Full-Time
656470ca81bace92077d9eca,5d0a33b56dd417001ae19535,APPROVED,2023-11-27T10:35:32.896000Z,2023-11-27T10:43:31.763000Z,2023-11-27T10:43:32.286000Z,2023-11-27T10:43:32.220637Z,479.0,C871QPIG,1166,"German, English",26,Male,White,Germany,Germany,Germany,German,DATA_EXPIRED,DATA_EXPIRED
656470d77dd436a88f3dfe0a,5bf4033ff719c9000153d38e,APPROVED,2023-11-27T10:35:17.189000Z,2023-11-27T10:42:33.453000Z,2023-11-27T10:42:33.975000Z,2023-11-27T10:42:33.930055Z,437.0,C871QPIG,659,German,58,Male,White,Germany,Germany,Germany,German,No,Other
656470ec2cdf1e3b29e5b123,6156c03beb47b00976ab809f,APPROVED,2023-11-27T10:35:28.460000Z,2023-11-27T10:43:08.517000Z,2023-11-27T10:43:09.081000Z,2023-11-27T10:43:09.021182Z,461.0,C871QPIG,1032,"English, German",42,Female,White,Germany,Germany,Germany,German,DATA_EXPIRED,DATA_EXPIRED
656471204a0842d14062f74d,650aee2bd662699c3bcdf96e,APPROVED,2023-11-27T10:36:25.281000Z,2023-11-27T10:42:01.018000Z,2023-11-27T10:42:01.576000Z,2023-11-27T10:42:01.510777Z,336.0,C871QPIG,75,"English, German, Spanish",26,Male,White,Germany,Germany,Germany,German,No,Full-Time
656471b7388724822ff0b0b5,5b2285b50fbb830001080525,APPROVED,2023-11-27T10:38:51.997000Z,2023-11-27T10:44:46.142000Z,2023-11-27T10:44:46.666000Z,2023-11-27T10:44:46.599677Z,355.0,C871QPIG,869,"German, English",31,Male,White,Germany,Germany,Germany,German,No,Full-Time
656471c445046d7aa2e06c37,6426d2cb1864af2378f00982,APPROVED,2023-11-27T10:39:06.478000Z,2023-11-27T10:46:29.864000Z,2023-11-27T10:46:30.324000Z,2023-11-27T10:46:30.263894Z,444.0,C871QPIG,16,"English, French, German",29,Female,White,Germany,Germany,Germany,German,DATA_EXPIRED,DATA_EXPIRED
656471dfe64bc98ece1ba545,60fe82026da4a38259a8783c,APPROVED,2023-11-27T10:39:27.531000Z,2023-11-27T10:44:12.432000Z,2023-11-27T10:44:12.972000Z,2023-11-27T10:44:12.930998Z,285.0,C871QPIG,591,"English, German",34,Male,White,Germany,Germany,Germany,German,DATA_EXPIRED,DATA_EXPIRED
65647211b143811a42503167,6400c3c608426d94d719eb5f,APPROVED,2023-11-27T10:40:24.030000Z,2023-11-27T10:50:01.975000Z,2023-11-27T10:50:02.673000Z,2023-11-27T10:50:02.598762Z,578.0,C871QPIG,160,"English, French, German",21,Male,White,Germany,Germany,Germany,German,Yes,Other
6564724436158522a4853db4,654e379c8578beb912aee2ff,APPROVED,2023-11-27T10:41:39.605000Z,2023-11-27T10:52:53.271000Z,2023-11-27T10:52:53.775000Z,2023-11-27T10:52:53.727649Z,674.0,C871QPIG,19,"English, German",25,Male,White,Germany,Germany,Germany,German,Yes,Part-Time
6564727dc1544ad422ba08f8,5df66f84b199e44695a26103,APPROVED,2023-11-27T10:42:08.802000Z,2023-11-27T10:48:22.087000Z,2023-11-27T10:48:22.657000Z,2023-11-27T10:48:22.584600Z,374.0,C871QPIG,144,"German, English",23,Male,White,Germany,Germany,Germany,German,Yes,Unemployed (and job seeking)
65647292c1544ad422ba08f9,610700f4f9547087ee11e1ca,APPROVED,2023-11-27T10:42:31.374000Z,2023-11-27T10:47:31.776000Z,2023-11-27T10:47:32.318000Z,2023-11-27T10:47:32.237624Z,301.0,C871QPIG,859,"German, English",27,Female,White,Germany,Germany,Germany,German,Yes,Part-Time
656472d157f4dd349129be9d,611ac84ec3f047ebad425aba,APPROVED,2023-11-27T10:43:33.572000Z,2023-11-27T10:50:28.810000Z,2023-11-27T10:50:29.416000Z,2023-11-27T10:50:29.345842Z,416.0,C871QPIG,607,"English, German",28,Female,White,Germany,Germany,Germany,German,Yes,Part-Time
65647306053ca25c7f5a9220,63408fcd2af6d768d5901d79,APPROVED,2023-11-27T10:45:11.576000Z,2023-11-27T11:28:40.655000Z,2023-11-27T11:28:41.188000Z,2023-11-27T11:28:41.139898Z,2610.0,C871QPIG,742,"German, English",35,Male,White,Germany,Germany,Germany,German,No,Full-Time
6564733f884cd3527c7f016d,5a71c8ccb7fcdc0001e40726,APPROVED,2023-11-27T10:45:22.824000Z,2023-11-27T10:51:13.904000Z,2023-11-27T10:51:14.462000Z,2023-11-27T10:51:14.414463Z,352.0,C871QPIG,385,"German, English",28,Male,White,Germany,Germany,Germany,German,No,Full-Time
6564735309f1b5df11f408a3,59e8bb5fe75b450001a69476,APPROVED,2023-11-27T10:45:45.794000Z,2023-11-27T10:59:42.940000Z,2023-11-27T10:59:43.497000Z,2023-11-27T10:59:43.430134Z,838.0,C871QPIG,304,"English, German",28,Female,White,Germany,Germany,Germany,German,No,Part-Time
6564739fbe8d06ab2a1afbea,5b327d06adb0f7000125460e,APPROVED,2023-11-27T10:46:59.082000Z,2023-11-27T10:56:47.423000Z,2023-11-27T10:56:48.085000Z,2023-11-27T10:56:48.038126Z,589.0,C871QPIG,305,"English, German",30,Female,White,Germany,Germany,Germany,German,Yes,Part-Time
656473b2f17a3614f97ecd92,5bfc731ccb639b0001d70bed,APPROVED,2023-11-27T10:47:18.825000Z,2023-11-27T10:52:48.660000Z,2023-11-27T10:52:49.316000Z,2023-11-27T10:52:49.268722Z,330.0,C871QPIG,471,"English, German",26,Male,White,Germany,Germany,Germany,German,Yes,Part-Time
65647412007f6640bf545d41,646b607e88557c2ff4f0de85,APPROVED,2023-11-27T10:48:54.689000Z,2023-11-27T11:02:54.372000Z,2023-11-27T11:02:54.983000Z,2023-11-27T11:02:54.920799Z,840.0,C871QPIG,209,"English, German, Polish, Ukrainian, Russian",26,Female,White,Ukraine,Germany,Ukraine,Ukrainian,DATA_EXPIRED,DATA_EXPIRED
65647462e2f73b35fc5190d0,60d10503b38976552a1b35da,APPROVED,2023-11-27T10:50:12.856000Z,2023-11-27T10:57:12.032000Z,2023-11-27T10:57:12.532000Z,2023-11-27T10:57:12.483023Z,420.0,C871QPIG,876,"English, German",26,Male,White,Germany,Germany,Germany,German,No,Full-Time
656474732903211e6e3cadb7,645ce2931d1baba6794b39c8,APPROVED,2023-11-27T10:50:30.700000Z,2023-11-27T10:59:30.101000Z,2023-11-27T10:59:30.545000Z,2023-11-27T10:59:30.479887Z,540.0,C871QPIG,190,"English, German",26,Male,White,Germany,Germany,Germany,German,No,Full-Time
656475354ff6f6a9b0cf7c02,6543aeb6dd91d965fc3df508,APPROVED,2023-11-27T10:55:28.329000Z,2023-11-27T11:09:49.308000Z,2023-11-27T11:09:49.834000Z,2023-11-27T11:09:49.764506Z,861.0,C871QPIG,30,"English, German, Spanish",25,Female,White,Spain,Germany,Spain,Spanish,No,Due to start a new job within the next month
65647548e0479e99e929bf61,653fbb7899638eb02212c25b,APPROVED,2023-11-27T10:54:03.697000Z,2023-11-27T11:01:26.201000Z,2023-11-27T11:01:26.739000Z,2023-11-27T11:01:26.671570Z,443.0,C871QPIG,25,"English, German",44,Male,White,Germany,Germany,Germany,English,No,Part-Time
65647553be8d06ab2a1afc8d,637e78426355a0db6c8095c6,APPROVED,2023-11-27T10:54:14.975000Z,2023-11-27T11:03:38.835000Z,2023-11-27T11:03:39.517000Z,2023-11-27T11:03:39.449340Z,564.0,C871QPIG,218,"English, German",22,Male,White,Germany,Germany,Germany,German,No,Full-Time
6564759415e7e38e14b5a39d,6516f474d21c67a9a5bbb712,APPROVED,2023-11-27T10:55:16.493000Z,2023-11-27T11:04:11.314000Z,2023-11-27T11:04:12.119000Z,2023-11-27T11:04:12.038742Z,535.0,C871QPIG,50,"German, French, English",18,Female,White,Germany,Germany,Germany,German,Yes,Full-Time
656475abb9b592ccbfcf7c6e,5c10fe729c4aaf000137f289,APPROVED,2023-11-27T11:00:28.719000Z,2023-11-27T11:16:45.629000Z,2023-11-27T11:16:46.204000Z,2023-11-27T11:16:46.144634Z,977.0,C871QPIG,285,"English, Turkish, German",31,Male,White,Turkey,Germany,Turkey,Turkish,No,Full-Time
656475ace2f73b35fc51918e,6523e02c2dcaf36fb1f55345,APPROVED,2023-11-27T10:55:43.406000Z,2023-11-27T11:03:42.329000Z,2023-11-27T11:03:42.891000Z,2023-11-27T11:03:42.805932Z,479.0,C871QPIG,35,"German, English",18,Female,White,Germany,Germany,Germany,German,Yes,Part-Time
656475c2ce58b15d3c8b5c90,6535296b6c8c4e37803016fb,APPROVED,2023-11-27T10:56:17.090000Z,2023-11-27T11:10:56.665000Z,2023-11-27T11:10:57.329000Z,2023-11-27T11:10:57.258055Z,880.0,C871QPIG,42,"English, Turkish, German",41,Male,White,Turkey,Germany,Turkey,Turkish,No,Part-Time
6564765614ab2689267ece1f,64839079b18c747557018e44,APPROVED,2023-11-27T10:58:34.341000Z,2023-11-27T11:06:19.683000Z,2023-11-27T11:06:20.307000Z,2023-11-27T11:06:20.236192Z,466.0,C871QPIG,223,"English, German",18,Male,White,Germany,Germany,Germany,German,Yes,Other
656476672b4bce2a686af8db,610bb674df133ae257897d2b,APPROVED,2023-11-27T10:58:53.719000Z,2023-11-27T11:05:40.521000Z,2023-11-27T11:05:41.242000Z,2023-11-27T11:05:41.185934Z,407.0,C871QPIG,665,"English, German",26,Female,White,Germany,Germany,Germany,German,No,Part-Time
6564768de0479e99e929bfc4,6438b6ee0715799f959089aa,APPROVED,2023-11-27T10:59:43.948000Z,2023-11-27T11:16:54.023000Z,2023-11-27T11:16:54.574000Z,2023-11-27T11:16:54.514155Z,1031.0,C871QPIG,498,"German, English, Czech",30,Male,White,Germany,Germany,Germany,German,No,Full-Time
6564769770363901857f02b1,61530557a58367a1f225bac9,APPROVED,2023-11-27T10:59:38.663000Z,2023-11-27T11:05:47.039000Z,2023-11-27T11:05:48.995000Z,2023-11-27T11:05:47.477901Z,369.0,C871QPIG,323,"English, German",41,Female,White,Germany,Germany,Germany,German,No,DATA_EXPIRED
656476a282e7ad23ef5a92f7,633ddca746fbf59ca2e530aa,APPROVED,2023-11-27T10:59:54.705000Z,2023-11-27T11:08:35.417000Z,2023-11-27T11:08:37.587000Z,2023-11-27T11:08:35.868858Z,521.0,C871QPIG,174,"German, English",25,Male,White,Germany,Germany,Germany,German,Yes,Other
656476a6884cd3527c7f0204,63dd9f8c1038be507ab49559,APPROVED,2023-11-27T10:59:54.841000Z,2023-11-27T11:10:12.955000Z,2023-11-27T11:10:13.537000Z,2023-11-27T11:10:13.487078Z,619.0,C871QPIG,121,"German, English, Turkish",25,Male,Mixed,Germany,Germany,Turkey,Turkish,No,Full-Time
656476b00f017b50685115f2,6521a4e4aef535bd5ba816e5,AWAITING REVIEW,2023-11-27T11:06:21.368000Z,2023-11-27T11:14:54.009000Z,,2023-11-27T11:14:54.514899Z,513.0,NOCODE,9,"English, German",20,Male,White,Germany,Germany,Germany,German,No,Unemployed (and job seeking)
656476b3edc7b0eea39e6b8a,64453d9363a10012ae0aa2c7,APPROVED,2023-11-27T11:00:07.200000Z,2023-11-27T11:05:05.571000Z,2023-11-27T11:05:06.160000Z,2023-11-27T11:05:06.090100Z,299.0,C871QPIG,108,"English, German",22,Male,White,Germany,Germany,Germany,German,Yes,Full-Time
656476b78aa2cfd55cc37818,644d34d9a000bd65374b345d,APPROVED,2023-11-27T11:00:12.868000Z,2023-11-27T11:07:38.187000Z,2023-11-27T11:07:38.674000Z,2023-11-27T11:07:38.606989Z,446.0,C871QPIG,66,"Croatian, German, English",35,Male,White,Germany,Germany,Germany,German,DATA_EXPIRED,Full-Time
6564776309f1b5df11f40a14,65457af74c04b0c69fc8bcd3,APPROVED,2023-11-27T11:03:17.288000Z,2023-11-27T11:15:19.811000Z,2023-11-27T11:15:20.925000Z,2023-11-27T11:15:20.865687Z,723.0,C871QPIG,2,German,26,Male,White,Turkey,Germany,Turkey,Turkish,Yes,Part-Time
6564776e90267b5280aaf328,6557aae56e15c3f1a9f3e4d5,APPROVED,2023-11-27T11:03:43.203000Z,2023-11-27T11:16:04.437000Z,2023-11-27T11:16:05.176000Z,2023-11-27T11:16:05.124824Z,742.0,C871QPIG,3,"English, German",26,Female,Mixed,Turkey,Germany,Turkey,Turkish,Yes,Part-Time
65647772558565ba95c7e061,627bbeed373435388f779668,APPROVED,2023-11-27T11:03:17.958000Z,2023-11-27T11:13:13.243000Z,2023-11-27T11:13:13.759000Z,2023-11-27T11:13:13.708077Z,596.0,C871QPIG,303,"German, English",20,Male,White,Germany,Germany,Germany,German,Yes,DATA_EXPIRED
6564777c1d4b7b347b6af97e,6537c0245df00b5492b55608,APPROVED,2023-11-27T11:03:28.300000Z,2023-11-27T11:11:18.387000Z,2023-11-27T11:11:19.373000Z,2023-11-27T11:11:19.306911Z,471.0,C871QPIG,22,"English, German",20,Male,White,Germany,Germany,Germany,German,Yes,Full-Time
656477a6286cdfd4ce2ab1e2,650c42b04e90f6c176d20f48,APPROVED,2023-11-27T11:04:11.319000Z,2023-11-27T11:16:18.355000Z,2023-11-27T11:16:18.881000Z,2023-11-27T11:16:18.814698Z,728.0,C871QPIG,90,"English, German, Turkish",22,Male,White,Germany,Germany,Germany,German,Yes,Other
656477df6ccb63938533f3da,64629020124faf20492db9b0,APPROVED,2023-11-27T11:05:05.428000Z,2023-11-27T11:14:01.908000Z,2023-11-27T11:14:02.469000Z,2023-11-27T11:14:02.407987Z,537.0,C871QPIG,242,"German, English, Italian",27,Male,White,Germany,Germany,Germany,German,No,Full-Time
656477f1b9b592ccbfcf7d15,631e2a3b55a31e120ef8e743,APPROVED,2023-11-27T11:05:24.641000Z,2023-11-27T11:12:16.327000Z,2023-11-27T11:12:16.829000Z,2023-11-27T11:12:16.758929Z,412.0,C871QPIG,68,"English, German",19,Male,White,Germany,Germany,Germany,German,Yes,DATA_EXPIRED
6564780b74362e490db5948a,5cb19af6c642510015463de2,APPROVED,2023-11-27T11:05:53.108000Z,2023-11-27T11:15:53.764000Z,2023-11-27T11:15:54.587000Z,2023-11-27T11:15:54.544413Z,601.0,C871QPIG,643,German,35,Male,White,Germany,Germany,Germany,German,No,Full-Time
65647837006eb2fcbbaaccef,6523fae070b5614ae54067eb,APPROVED,2023-11-27T11:06:54.237000Z,2023-11-27T11:15:40.481000Z,2023-11-27T11:15:41.049000Z,2023-11-27T11:15:40.985585Z,527.0,C871QPIG,7,"Kurdish, Turkish, German",33,Male,Asian,Turkey,Germany,Turkey,Kurdish,No,Part-Time
65647838d30042020573192b,642952bd9fdb0f5ebda6e718,APPROVED,2023-11-27T11:06:36.535000Z,2023-11-27T11:11:54.649000Z,2023-11-27T11:11:55.954000Z,2023-11-27T11:11:55.879100Z,319.0,C871QPIG,185,"English, German",21,Male,White,Germany,Germany,Germany,German,No,Unemployed (and job seeking)
6564783c1c31b3c62bdbba2a,5b58b8e08fddf40001097dc5,APPROVED,2023-11-27T11:06:40.571000Z,2023-11-27T11:13:20.908000Z,2023-11-27T11:13:21.420000Z,2023-11-27T11:13:21.358269Z,401.0,C871QPIG,536,German,35,Female,White,United Kingdom,Germany,United Kingdom,English,No,Part-Time
6564784d5b340b79afb88164,65367487f0d1c1607d3665c9,APPROVED,2023-11-27T11:06:59.928000Z,2023-11-27T11:15:38.148000Z,2023-11-27T11:15:38.613000Z,2023-11-27T11:15:38.565342Z,519.0,C871QPIG,38,"English, German, Turkish",47,Male,Mixed,Germany,Germany,Germany,German,No,Full-Time
6564786f8c74a12d37f6ab5e,5ba1606a7afca3000194ff8a,APPROVED,2023-11-27T11:07:30.788000Z,2023-11-27T11:14:51.596000Z,2023-11-27T11:14:52.121000Z,2023-11-27T11:14:52.056834Z,441.0,C871QPIG,896,"English, German",38,Male,White,France,Germany,Germany,French,DATA_EXPIRED,DATA_EXPIRED
65647870edc7b0eea39e6be9,6516d489e5b8acad58bbd9e5,APPROVED,2023-11-27T11:07:32.859000Z,2023-11-27T11:18:49.377000Z,2023-11-27T11:18:49.991000Z,2023-11-27T11:18:49.926078Z,677.0,C871QPIG,12,"German, English",31,Male,White,Germany,Germany,Germany,German,No,Full-Time
6564787f7a92f010fcea6816,627d6dfb32131b47c91c4994,APPROVED,2023-11-27T11:07:50.350000Z,2023-11-27T11:13:06.448000Z,2023-11-27T11:13:07.017000Z,2023-11-27T11:13:06.955393Z,317.0,C871QPIG,384,"Farsi, German, English",37,Male,White,Germany,Germany,Germany,German,DATA_EXPIRED,Full-Time
656478931acb552f3f545e9e,63616e1a4ed774ed3612fee8,APPROVED,2023-11-27T11:08:07.128000Z,2023-11-27T11:11:20.033000Z,2023-11-27T11:11:20.609000Z,2023-11-27T11:11:20.538930Z,193.0,C871QPIG,582,"English, German, French",32,Male,White,Germany,Germany,Germany,German,No,Full-Time
656478a28b0bb497448526b9,646dc14e28531e7b267adb50,APPROVED,2023-11-27T11:08:21.398000Z,2023-11-27T11:16:00.720000Z,2023-11-27T11:16:01.585000Z,2023-11-27T11:16:01.513226Z,460.0,C871QPIG,269,"English, German, Russian",34,Male,White,Kazakhstan,Germany,Germany,German,No,Full-Time
656478ad44118c2a85f409b8,60e4add054c6228f85bc2d8f,APPROVED,2023-11-27T11:08:32.996000Z,2023-11-27T11:13:23.522000Z,2023-11-27T11:13:24.041000Z,2023-11-27T11:13:23.975852Z,291.0,C871QPIG,443,"English, German, Spanish",28,Male,Mixed,Morocco,Germany,Spain,Spanish,DATA_EXPIRED,DATA_EXPIRED
656478b497d7cb17a96f67c4,63456ccb7a78c1c4821b23ca,APPROVED,2023-11-27T11:08:39.753000Z,2023-11-27T11:18:25.391000Z,2023-11-27T11:18:25.939000Z,2023-11-27T11:18:25.881710Z,586.0,C871QPIG,640,"German, English",34,Male,White,Germany,Germany,Germany,German,Yes,Part-Time
656478fde2f73b35fc5192a3,6046ac1161b60d0fc94b0000,APPROVED,2023-11-27T11:10:22.746000Z,2023-11-27T11:17:00.468000Z,2023-11-27T11:17:01.195000Z,2023-11-27T11:17:01.121644Z,398.0,C871QPIG,598,"German, English",28,Male,White,Germany,Germany,Germany,German,No,Full-Time
65647af31c31b3c62bdbbb23,5de9640135575a094b88a743,APPROVED,2023-11-27T11:18:40.054000Z,2023-11-27T11:31:01.190000Z,2023-11-27T11:31:01.751000Z,2023-11-27T11:31:01.666517Z,742.0,C871QPIG,125,"English, Spanish, German",27,Male,Mixed,Guatemala,Germany,Guatemala,Spanish,Yes,Part-Time
65647afe16fe1afbfca3333c,63380d52d7356fb9b1717157,APPROVED,2023-11-27T11:18:27.958000Z,2023-11-27T11:27:54.267000Z,2023-11-27T11:27:54.863000Z,2023-11-27T11:27:54.786958Z,567.0,C871QPIG,69,"English, German",24,Female,White,Germany,Germany,Germany,German,DATA_EXPIRED,DATA_EXPIRED
65647b09aab86cad45aace22,5e9f28299286a70a21369a87,APPROVED,2023-11-27T11:18:36.855000Z,2023-11-27T11:29:58.634000Z,2023-11-27T11:29:59.165000Z,2023-11-27T11:29:59.118833Z,682.0,C871QPIG,268,"English, German",37,Female,Mixed,Germany,Germany,Germany,German,DATA_EXPIRED,Part-Time
65647b096ccb63938533f4b9,638ed86846c962fc524cc8d1,APPROVED,2023-11-27T11:18:37.524000Z,2023-11-27T11:26:41.330000Z,2023-11-27T11:26:41.887000Z,2023-11-27T11:26:41.836210Z,484.0,C871QPIG,103,"Czech, English, German, Italian",22,Female,White,Germany,Germany,Germany,German,Yes,Other
65647bad6ccb63938533f4e4,611187a2ddd0d61034c16424,APPROVED,2023-11-27T11:21:23.517000Z,2023-11-27T11:32:07.831000Z,2023-11-27T11:32:13.587000Z,2023-11-27T11:32:08.503861Z,645.0,C871QPIG,109,"English, German",20,Female,White,Germany,Germany,Germany,German,DATA_EXPIRED,DATA_EXPIRED
65647bb01d4b7b347b6afadb,603a80b01bb75f608c3dbb0d,APPROVED,2023-11-27T11:21:20.915000Z,2023-11-27T11:28:56.943000Z,2023-11-27T11:28:57.525000Z,2023-11-27T11:28:57.457994Z,457.0,C871QPIG,812,"English, German, French",37,Male,White,Germany,Germany,Germany,German,No,Part-Time
65647bc14291ce8889aaf31c,6543cbb6e554d07ea95a1db8,APPROVED,2023-11-27T11:21:37.549000Z,2023-11-27T11:25:52.630000Z,2023-11-27T11:25:53.167000Z,2023-11-27T11:25:53.113531Z,256.0,C871QPIG,37,"German, English, Turkish",24,Male,White,Germany,Germany,Germany,German,Yes,Part-Time
65647bd94291ce8889aaf320,652bf2ec43610c94468998c9,APPROVED,2023-11-27T11:22:08.542000Z,2023-11-27T11:29:03.511000Z,2023-11-27T11:29:04.120000Z,2023-11-27T11:29:04.061671Z,415.0,C871QPIG,50,German,34,Male,White,Turkey,Germany,Turkey,Turkish,Yes,Full-Time
65647bd914ab2689267ecfc7,6280d0d3cd36485d6a9944ca,APPROVED,2023-11-27T11:31:06.014000Z,2023-11-27T11:43:10.626000Z,2023-11-27T11:43:11.306000Z,2023-11-27T11:43:11.203366Z,725.0,C871QPIG,144,"English, German",28,Male,White,Germany,Germany,Germany,German,Yes,Other
65647bddd300420205731a06,650ff7a187874a12d765b5ef,APPROVED,2023-11-27T11:23:04.414000Z,2023-11-27T11:29:04.689000Z,2023-11-27T11:29:05.515000Z,2023-11-27T11:29:05.427929Z,361.0,C871QPIG,18,"German, English",33,Male,White,Germany,Germany,Germany,German,No,DATA_EXPIRED
65647c22bce972cb37248468,65385f165d9e107d07d7c3f5,APPROVED,2023-11-27T11:23:19.071000Z,2023-11-27T11:32:07.561000Z,2023-11-27T11:32:08.296000Z,2023-11-27T11:32:08.251569Z,529.0,C871QPIG,41,"German, English",27,Male,White,Germany,Germany,Germany,German,Yes,Part-Time
65647c37be8d06ab2a1afebe,653a69022eb52762a99cdc22,APPROVED,2023-11-27T11:25:24.246000Z,2023-11-27T11:31:28.739000Z,2023-11-27T11:31:29.399000Z,2023-11-27T11:31:29.342702Z,365.0,C871QPIG,39,"German, English",22,Male,White,Germany,Germany,Germany,German,No,Full-Time
65647c78f7c339b6d79e6ddd,631688f3ae7064f6b389cfbd,APPROVED,2023-11-27T11:24:50.854000Z,2023-11-27T11:31:20.600000Z,2023-11-27T11:31:21.188000Z,2023-11-27T11:31:21.115982Z,390.0,C871QPIG,328,German,24,Male,White,Germany,Germany,Germany,German,DATA_EXPIRED,DATA_EXPIRED
65647c89b9b592ccbfcf7e8c,64f8b90b9d9936517fa3ca1c,APPROVED,2023-11-27T11:30:55.837000Z,2023-11-27T11:38:47.955000Z,2023-11-27T11:38:48.497000Z,2023-11-27T11:38:48.414049Z,473.0,C871QPIG,30,"German, English",23,Male,Mixed,Germany,Germany,Germany,German,No,Due to start a new job within the next month
65647ca34291ce8889aaf345,6560c1ff0b97f1d037b3c2dd,APPROVED,2023-11-27T11:25:29.446000Z,2023-11-27T11:35:30.231000Z,2023-11-27T11:35:31.163000Z,2023-11-27T11:35:31.093681Z,601.0,C871QPIG,0,"German, English",23,Female,White,Germany,Germany,Germany,German,Yes,Other
65647cacb9b592ccbfcf7e95,6441a254a387409ea3ef316b,APPROVED,2023-11-27T11:25:38.037000Z,2023-11-27T11:32:02.445000Z,2023-11-27T11:32:03.024000Z,2023-11-27T11:32:02.984224Z,385.0,C871QPIG,23,"English, German, Spanish",24,Female,White,Germany,Germany,Germany,German,Yes,Part-Time
6564827e3a17fa6be048e4e7,5fff0b0bcbc37a5f5928ed26,APPROVED,2023-11-27T11:50:22.645000Z,2023-11-27T11:57:58.993000Z,2023-11-27T11:57:59.814000Z,2023-11-27T11:57:59.770451Z,457.0,C871QPIG,1578,"English, German",41,Male,White,Germany,Germany,Germany,German,No,Full-Time
65631058ebde63a4d1e415e9,650455b9cde6207c1ebd732b,RETURNED,2023-11-26T09:41:04.283000Z,,,,,,33,CONSENT_REVOKED,CONSENT_REVOKED,CONSENT_REVOKED,CONSENT_REVOKED,CONSENT_REVOKED,CONSENT_REVOKED,CONSENT_REVOKED,CONSENT_REVOKED,CONSENT_REVOKED,CONSENT_REVOKED
6563111e43463427fd171198,5ed0f32322df27000b6a5cbb,RETURNED,2023-11-26T09:34:25.777000Z,,,,,,98,CONSENT_REVOKED,CONSENT_REVOKED,CONSENT_REVOKED,CONSENT_REVOKED,CONSENT_REVOKED,CONSENT_REVOKED,CONSENT_REVOKED,CONSENT_REVOKED,CONSENT_REVOKED,CONSENT_REVOKED
6563114b94d42b4d11185900,5906ff5f0070cb000186b5fb,RETURNED,2023-11-26T09:36:18.491000Z,,,,,,1122,CONSENT_REVOKED,CONSENT_REVOKED,CONSENT_REVOKED,CONSENT_REVOKED,CONSENT_REVOKED,CONSENT_REVOKED,CONSENT_REVOKED,CONSENT_REVOKED,CONSENT_REVOKED,CONSENT_REVOKED
656313c0d1a9b204bab3775e,64483a04905bcd4a0e0b21e7,RETURNED,2023-11-26T09:45:36.319000Z,,,,,,270,CONSENT_REVOKED,CONSENT_REVOKED,CONSENT_REVOKED,CONSENT_REVOKED,CONSENT_REVOKED,CONSENT_REVOKED,CONSENT_REVOKED,CONSENT_REVOKED,CONSENT_REVOKED,CONSENT_REVOKED
6563151052624795c40b4a78,627e7906b82dabdbe672cdd1,RETURNED,2023-11-26T09:51:17.308000Z,,,,,,549,CONSENT_REVOKED,CONSENT_REVOKED,CONSENT_REVOKED,CONSENT_REVOKED,CONSENT_REVOKED,CONSENT_REVOKED,CONSENT_REVOKED,CONSENT_REVOKED,CONSENT_REVOKED,CONSENT_REVOKED
65631538e4e979a116eeed02,5caa1d2a4be4c60001efca92,RETURNED,2023-11-26T09:51:54.242000Z,,,,,,772,CONSENT_REVOKED,CONSENT_REVOKED,CONSENT_REVOKED,CONSENT_REVOKED,CONSENT_REVOKED,CONSENT_REVOKED,CONSENT_REVOKED,CONSENT_REVOKED,CONSENT_REVOKED,CONSENT_REVOKED
656319cb5c84d167b9424aea,652d6b317dbb2b3e923226f3,RETURNED,2023-11-26T10:11:33.666000Z,,,,,,12,CONSENT_REVOKED,CONSENT_REVOKED,CONSENT_REVOKED,CONSENT_REVOKED,CONSENT_REVOKED,CONSENT_REVOKED,CONSENT_REVOKED,CONSENT_REVOKED,CONSENT_REVOKED,CONSENT_REVOKED
65631be343463427fd1712d8,652a9302d29f472a6dd31567,RETURNED,2023-11-26T10:28:38.340000Z,,,,,,7,CONSENT_REVOKED,CONSENT_REVOKED,CONSENT_REVOKED,CONSENT_REVOKED,CONSENT_REVOKED,CONSENT_REVOKED,CONSENT_REVOKED,CONSENT_REVOKED,CONSENT_REVOKED,CONSENT_REVOKED
65631c1343463427fd1712de,645b8b2128bbb68d29778068,TIMED-OUT,2023-11-26T10:21:10.347000Z,,,,93334.0,,339,"English, Dutch, German, Spanish, Swedish, Turkish, Danish",20,Female,Mixed,Turkey,Germany,Turkey,Turkish,Yes,Part-Time
65631c2e9989d4018001ca4e,5debfbcc3a11682f0fae8b29,TIMED-OUT,2023-11-26T10:21:34.661000Z,,,,93310.0,,1195,"German, English",30,Male,White,Germany,Germany,Germany,German,Yes,Part-Time
65631d925e9a86ae42bf4fde,5e5832478c2b6f03f9acd234,RETURNED,2023-11-26T10:27:30.294000Z,,,,,,891,CONSENT_REVOKED,CONSENT_REVOKED,CONSENT_REVOKED,CONSENT_REVOKED,CONSENT_REVOKED,CONSENT_REVOKED,CONSENT_REVOKED,CONSENT_REVOKED,CONSENT_REVOKED,CONSENT_REVOKED
65631ec4bfe850310260079f,6516d54296efc4ce0768af54,RETURNED,2023-11-26T10:32:40.746000Z,,,,,,21,CONSENT_REVOKED,CONSENT_REVOKED,CONSENT_REVOKED,CONSENT_REVOKED,CONSENT_REVOKED,CONSENT_REVOKED,CONSENT_REVOKED,CONSENT_REVOKED,CONSENT_REVOKED,CONSENT_REVOKED
65646acd957aeaad8a8b6de6,6505c50f48dfd793a7787b8a,RETURNED,2023-11-27T10:09:22.367000Z,2023-11-27T10:12:13.584000Z,,2023-11-27T10:12:14.300000Z,,6505c50f48dfd793a7787b8a,137,CONSENT_REVOKED,CONSENT_REVOKED,CONSENT_REVOKED,CONSENT_REVOKED,CONSENT_REVOKED,CONSENT_REVOKED,CONSENT_REVOKED,CONSENT_REVOKED,CONSENT_REVOKED,CONSENT_REVOKED
65646ae3a41d8ff4c5bde259,6426d9c7a3e810a30ee78fd2,RETURNED,2023-11-27T10:09:43.046000Z,,,,,,80,CONSENT_REVOKED,CONSENT_REVOKED,CONSENT_REVOKED,CONSENT_REVOKED,CONSENT_REVOKED,CONSENT_REVOKED,CONSENT_REVOKED,CONSENT_REVOKED,CONSENT_REVOKED,CONSENT_REVOKED
65646af30aa2c990329287e3,64463f506cea1f1b671e0b88,RETURNED,2023-11-27T10:10:12.269000Z,,,,,,183,CONSENT_REVOKED,CONSENT_REVOKED,CONSENT_REVOKED,CONSENT_REVOKED,CONSENT_REVOKED,CONSENT_REVOKED,CONSENT_REVOKED,CONSENT_REVOKED,CONSENT_REVOKED,CONSENT_REVOKED
65646afaa8d19b373856abff,6442f99362df9ad59f368a63,RETURNED,2023-11-27T10:21:00.063000Z,,,,,,249,CONSENT_REVOKED,CONSENT_REVOKED,CONSENT_REVOKED,CONSENT_REVOKED,CONSENT_REVOKED,CONSENT_REVOKED,CONSENT_REVOKED,CONSENT_REVOKED,CONSENT_REVOKED,CONSENT_REVOKED
65646b0f2402d224f9f0af35,607079a28a504f214dfd77b8,TIMED-OUT,2023-11-27T10:10:23.378000Z,,,,7582.0,,1106,"English, German",58,Male,White,Germany,Germany,Germany,German,No,Full-Time
65646b15a972f8f9aec29ac6,5e9311d924e9a7183eb69271,RETURNED,2023-11-27T10:10:29.001000Z,,,,,,228,CONSENT_REVOKED,CONSENT_REVOKED,CONSENT_REVOKED,CONSENT_REVOKED,CONSENT_REVOKED,CONSENT_REVOKED,CONSENT_REVOKED,CONSENT_REVOKED,CONSENT_REVOKED,CONSENT_REVOKED
65646b249ef8445e2765000f,6480b08b4e783b4c327cf4a8,TIMED-OUT,2023-11-27T10:10:52.776000Z,,,,7552.0,,318,"German, English",41,Male,White,Germany,Germany,Germany,German,No,Full-Time
65646bc1d65884804f650006,5f247ac02b2b8805b6cce266,RETURNED,2023-11-27T10:13:35.773000Z,,,,,,971,CONSENT_REVOKED,CONSENT_REVOKED,CONSENT_REVOKED,CONSENT_REVOKED,CONSENT_REVOKED,CONSENT_REVOKED,CONSENT_REVOKED,CONSENT_REVOKED,CONSENT_REVOKED,CONSENT_REVOKED
65646bcd68ae0fb48a62f573,631f460297d204ed8f0db682,RETURNED,2023-11-27T10:24:00.068000Z,,,,,,382,CONSENT_REVOKED,CONSENT_REVOKED,CONSENT_REVOKED,CONSENT_REVOKED,CONSENT_REVOKED,CONSENT_REVOKED,CONSENT_REVOKED,CONSENT_REVOKED,CONSENT_REVOKED,CONSENT_REVOKED
65646ce3872b4ad51de65a1e,6557747cc5cd5cb46edfe6c6,RETURNED,2023-11-27T10:28:11.613000Z,,,,,,15,CONSENT_REVOKED,CONSENT_REVOKED,CONSENT_REVOKED,CONSENT_REVOKED,CONSENT_REVOKED,CONSENT_REVOKED,CONSENT_REVOKED,CONSENT_REVOKED,CONSENT_REVOKED,CONSENT_REVOKED
65646ed232508d019d7cdb2f,65270eab7c3eeb6fda130ee8,RETURNED,2023-11-27T10:26:31.557000Z,,,,,,19,CONSENT_REVOKED,CONSENT_REVOKED,CONSENT_REVOKED,CONSENT_REVOKED,CONSENT_REVOKED,CONSENT_REVOKED,CONSENT_REVOKED,CONSENT_REVOKED,CONSENT_REVOKED,CONSENT_REVOKED
65646f9aef4f7c6eb62ecfcc,603c1168208b758f82345284,RETURNED,2023-11-27T10:29:46.190000Z,,,,,,1261,CONSENT_REVOKED,CONSENT_REVOKED,CONSENT_REVOKED,CONSENT_REVOKED,CONSENT_REVOKED,CONSENT_REVOKED,CONSENT_REVOKED,CONSENT_REVOKED,CONSENT_REVOKED,CONSENT_REVOKED
65646ff65c4c09d77a947db0,643f086a67421e92ca035a8b,RETURNED,2023-11-27T10:31:20.255000Z,,,,,,78,CONSENT_REVOKED,CONSENT_REVOKED,CONSENT_REVOKED,CONSENT_REVOKED,CONSENT_REVOKED,CONSENT_REVOKED,CONSENT_REVOKED,CONSENT_REVOKED,CONSENT_REVOKED,CONSENT_REVOKED
656478c61c31b3c62bdbba6a,652d48b807ef89f5d4059bfe,RETURNED,2023-11-27T11:18:18.182000Z,,,,,,71,CONSENT_REVOKED,CONSENT_REVOKED,CONSENT_REVOKED,CONSENT_REVOKED,CONSENT_REVOKED,CONSENT_REVOKED,CONSENT_REVOKED,CONSENT_REVOKED,CONSENT_REVOKED,CONSENT_REVOKED
656480cbec6e2a5266e1d40b,612504db35fc9c7c741cd164,RETURNED,2023-11-27T11:43:10.436000Z,,,,,,160,CONSENT_REVOKED,CONSENT_REVOKED,CONSENT_REVOKED,CONSENT_REVOKED,CONSENT_REVOKED,CONSENT_REVOKED,CONSENT_REVOKED,CONSENT_REVOKED,CONSENT_REVOKED,CONSENT_REVOKED
