Submission id,Participant id,Status,Started at,Completed at,Reviewed at,Archived at,Time taken,Completion code,Total approvals,U.s. political affiliation,Fluent languages,Age,Sex,Ethnicity simplified,Country of birth,Country of residence,Nationality,Language,Student status,Employment status
65621b8bce16f8d23c1a3c22,5de7c6d448241d73d36ceaef,APPROVED,2023-11-25T16:06:40.401000Z,2023-11-25T16:19:36.279000Z,2023-11-25T16:19:36.851000Z,2023-11-25T16:19:36.789889Z,776.0,C871QPIG,5126,Republican,English,60,Male,Black,United States,United States,United States,English,Yes,Full-Time
65621c62ec32618db6ea06d6,65172a5accd4f7b31d650d6f,APPROVED,2023-11-25T16:10:13.965000Z,2023-11-25T16:16:47.661000Z,2023-11-25T16:16:48.177000Z,2023-11-25T16:16:48.096208Z,394.0,C871QPIG,40,Republican,English,51,Female,Black,United States,United States,United States,English,Yes,Full-Time
65621e6baa9ef60ccbcbf0ad,6318be45a49442eee3a88cb3,APPROVED,2023-11-25T16:18:54.819000Z,2023-11-25T16:26:08.954000Z,2023-11-25T16:26:09.509000Z,2023-11-25T16:26:09.446167Z,435.0,C871QPIG,1974,Republican,English,68,Female,White,United States,United States,United States,English,No,"Not in paid work (e.g. homemaker', 'retired or disabled)"
65621f3b1232590027aa050c,6111d3aa2e12fb09c474a445,APPROVED,2023-11-25T16:22:24.235000Z,2023-11-25T16:26:02.892000Z,2023-11-25T16:26:03.494000Z,2023-11-25T16:26:03.431693Z,219.0,C871QPIG,3797,Republican,English,37,Female,Asian,United States,United States,United States,English,No,DATA_EXPIRED
65621f6b33b93e2696f0678b,63cedc8a97a0bb604736baea,APPROVED,2023-11-25T16:23:11.645000Z,2023-11-25T16:27:52.325000Z,2023-11-25T16:27:52.868000Z,2023-11-25T16:27:52.795950Z,281.0,C871QPIG,1261,Republican,"English, Spanish",31,Male,White,United States,United States,United States,English,DATA_EXPIRED,Full-Time
656220362d4f1e21cfc7e5c5,64045adff6fa742a6d7f4409,APPROVED,2023-11-25T16:26:35.365000Z,2023-11-25T16:34:45.756000Z,2023-11-25T16:34:46.872000Z,2023-11-25T16:34:46.762892Z,491.0,C871QPIG,884,Republican,English,51,Female,White,Germany,United States,United States,English,No,Part-Time
656220a427dc5d95e0caa26d,610dd74ebf5c4e1977a3e54e,APPROVED,2023-11-25T16:28:25.135000Z,2023-11-25T16:40:28.480000Z,2023-11-25T16:40:29.031000Z,2023-11-25T16:40:28.971104Z,724.0,C871QPIG,3123,Republican,English,69,Female,White,United States,United States,United States,English,No,"Not in paid work (e.g. homemaker', 'retired or disabled)"
656220d00a29143ccea922d9,63978402e524eebeace93868,APPROVED,2023-11-25T16:29:06.624000Z,2023-11-25T16:36:31.339000Z,2023-11-25T16:36:31.868000Z,2023-11-25T16:36:31.790950Z,445.0,C871QPIG,1884,Republican,English,59,Female,White,United States,United States,United States,English,No,Part-Time
656221368f2aa15b980e58d7,6556c9a04aa50bfb13f2a3f2,APPROVED,2023-11-25T16:31:27.767000Z,2023-11-25T16:39:57.665000Z,2023-11-25T16:39:58.388000Z,2023-11-25T16:39:58.324311Z,510.0,C871QPIG,7,Republican,English,53,Female,White,United States,United States,United States,English,No,Full-Time
6562222c7b0bdeeb9e5a8423,6143e022ec8dfbce17b7e211,APPROVED,2023-11-25T16:34:58.895000Z,2023-11-25T16:41:17.688000Z,2023-11-25T16:41:18.212000Z,2023-11-25T16:41:18.149430Z,379.0,C871QPIG,4667,Republican,English,69,Male,White,United States,United States,United States,English,No,Part-Time
6562225345a26dd419b4ac23,61188057fe5a395476806c12,APPROVED,2023-11-25T16:35:34.700000Z,2023-11-25T16:44:48.571000Z,2023-11-25T16:44:49.298000Z,2023-11-25T16:44:49.243701Z,554.0,C871QPIG,2069,Republican,English,32,Female,White,United States,United States,United States,English,No,Full-Time
656223325c84d167b9422da1,5ec1c41a1f98090e8c119332,APPROVED,2023-11-25T16:39:20.514000Z,2023-11-25T16:46:03.527000Z,2023-11-25T16:46:04.065000Z,2023-11-25T16:46:03.996820Z,404.0,C871QPIG,3794,Republican,English,35,Male,White,United States,United States,United States,English,DATA_EXPIRED,DATA_EXPIRED
6562234ef384a25b2ef0681b,647648baa82fb44bb109f367,APPROVED,2023-11-25T16:39:47.955000Z,2023-11-25T16:48:31.173000Z,2023-11-25T16:48:31.710000Z,2023-11-25T16:48:31.636767Z,524.0,C871QPIG,1168,Republican,"Spanish, English",62,Female,White,Cuba,United States,United States,Spanish,No,"Not in paid work (e.g. homemaker', 'retired or disabled)"
656223d6281a434ed4e5966f,633f03bb432dc8f74ab3a896,APPROVED,2023-11-25T16:42:04.495000Z,2023-11-25T16:46:46.285000Z,2023-11-25T16:46:46.783000Z,2023-11-25T16:46:46.721006Z,282.0,C871QPIG,2108,Republican,"Spanish, English",38,Male,Other,United States,United States,United States,English,DATA_EXPIRED,Full-Time
656223efdac1c6f8a0ea07f3,60ff1981688229d1e3eb43e9,APPROVED,2023-11-25T16:42:25.900000Z,2023-11-25T16:49:37.100000Z,2023-11-25T16:49:37.622000Z,2023-11-25T16:49:37.557338Z,432.0,C871QPIG,452,Republican,English,58,Female,White,United States,United States,United States,English,No,Full-Time
656224007fcbff9d50f45f7f,5e3461bd8ec4fc0230fef43a,APPROVED,2023-11-25T16:42:44.444000Z,2023-11-25T16:51:10.121000Z,2023-11-25T16:51:10.857000Z,2023-11-25T16:51:10.790757Z,506.0,C871QPIG,1757,Republican,English,75,Male,White,United States,United States,United States,English,No,"Not in paid work (e.g. homemaker', 'retired or disabled)"
6562244a8b1bd5f742709c17,62c31fe0e178fc305009b718,APPROVED,2023-11-25T16:43:58.454000Z,2023-11-25T16:52:29.107000Z,2023-11-25T16:52:29.594000Z,2023-11-25T16:52:29.509206Z,511.0,C871QPIG,2148,Republican,English,33,Male,White,United States,United States,United States,English,No,Full-Time
6562245378ae045713e59beb,64143e269d37d7ec27c8a2a9,APPROVED,2023-11-25T16:44:03.610000Z,2023-11-25T17:01:36.649000Z,2023-11-25T17:01:37.188000Z,2023-11-25T17:01:37.125013Z,1054.0,C871QPIG,1451,Republican,English,34,Male,Black,United States,United States,United States,English,No,Full-Time
656224c42c8222d50a47593a,5bc913d99427200001dd47f5,APPROVED,2023-11-25T16:46:02.628000Z,2023-11-25T16:54:21.172000Z,2023-11-25T16:54:21.769000Z,2023-11-25T16:54:21.704363Z,499.0,C871QPIG,4899,Republican,English,74,Female,White,United States,United States,United States,English,No,Part-Time
6562257ac580f1305d0a2e4f,60ca4cfb5c287146cad0695a,APPROVED,2023-11-25T16:49:02.924000Z,2023-11-25T16:54:08.999000Z,2023-11-25T16:54:09.741000Z,2023-11-25T16:54:09.662482Z,307.0,C871QPIG,5188,Republican,English,39,Male,White,United States,United States,United States,English,No,Full-Time
656225b0163e4c5a24c97a1f,64e36d981d00e7d7c45addc2,APPROVED,2023-11-25T16:49:55.526000Z,2023-11-25T16:54:38.863000Z,2023-11-25T16:54:39.674000Z,2023-11-25T16:54:39.611017Z,284.0,C871QPIG,372,Republican,English,49,Female,White,United States,United States,United States,English,No,Part-Time
656225e6a7783faea2285724,600f4361d8ad4b1021236a24,APPROVED,2023-11-25T16:55:50.938000Z,2023-11-25T17:01:03.603000Z,2023-11-25T17:01:04.085000Z,2023-11-25T17:01:04.006933Z,313.0,C871QPIG,4053,Republican,English,39,Male,White,United States,United States,United States,English,No,Full-Time
65622636af9a610a059fff95,654580dcf53f11ae40ade9fd,APPROVED,2023-11-25T16:52:11.082000Z,2023-11-25T17:00:25.233000Z,2023-11-25T17:00:25.763000Z,2023-11-25T17:00:25.702568Z,495.0,C871QPIG,131,Republican,English,56,Female,White,United States,United States,United States,English,No,"Not in paid work (e.g. homemaker', 'retired or disabled)"
6562267b6acc509918989b99,5d2f054b1dde3600015e43d9,APPROVED,2023-11-25T16:53:21.667000Z,2023-11-25T17:09:33.150000Z,2023-11-25T17:09:33.788000Z,2023-11-25T17:09:33.720260Z,972.0,C871QPIG,4163,Republican,English,52,Male,White,United States,United States,United States,English,No,Full-Time
6562267ee817db3fa10a2f0f,654274da9d849435fdd00d38,APPROVED,2023-11-25T16:53:26.638000Z,2023-11-25T17:06:16.609000Z,2023-11-25T17:06:17.249000Z,2023-11-25T17:06:17.188577Z,770.0,C871QPIG,114,Republican,English,65,Male,White,United States,United States,United States,English,No,"Not in paid work (e.g. homemaker', 'retired or disabled)"
6562267e33f9766de19ad17f,55b9a9b0fdf99b6906d2aba4,APPROVED,2023-11-25T16:53:29.784000Z,2023-11-25T17:03:17.774000Z,2023-11-25T17:03:18.538000Z,2023-11-25T17:03:18.458524Z,588.0,C871QPIG,7516,Republican,English,68,Male,White,United States,United States,United States,English,No,"Not in paid work (e.g. homemaker', 'retired or disabled)"
6562272be859fe9d4d59dbbe,6392360efb6e254ffd31e722,APPROVED,2023-11-25T16:56:18.549000Z,2023-11-25T17:02:52.868000Z,2023-11-25T17:02:53.430000Z,2023-11-25T17:02:53.369263Z,395.0,C871QPIG,2113,Republican,"English, Chinese, Japanese",49,Male,Asian,United States,United States,United States,English,No,Full-Time
6562274ef7b629179b7f176c,60c14a3e834adb62102cffa0,APPROVED,2023-11-25T16:56:53.744000Z,2023-11-25T17:01:59.399000Z,2023-11-25T17:02:00.157000Z,2023-11-25T17:02:00.094512Z,306.0,C871QPIG,1324,Republican,English,34,Male,White,United States,United States,United States,English,No,Other
65622769102822f13aa72904,613254f907b5038999e2688f,APPROVED,2023-11-25T16:57:17.478000Z,2023-11-25T17:07:53.472000Z,2023-11-25T17:07:53.948000Z,2023-11-25T17:07:53.893104Z,636.0,C871QPIG,1070,Republican,English,48,Female,White,United States,United States,United States,English,No,"Not in paid work (e.g. homemaker', 'retired or disabled)"
6562278e3999ef1271a16275,63ea4301f63c1d26f0ff83e9,APPROVED,2023-11-25T16:57:54.989000Z,2023-11-25T17:04:25.008000Z,2023-11-25T17:04:25.584000Z,2023-11-25T17:04:25.508221Z,391.0,C871QPIG,2315,Republican,English,46,Female,White,United States,United States,United States,English,Yes,Full-Time
6562279490e4a9aaa7cf017d,6365b83b80397324720dc562,APPROVED,2023-11-25T16:58:00.721000Z,2023-11-25T17:05:14.786000Z,2023-11-25T17:05:15.420000Z,2023-11-25T17:05:15.315660Z,435.0,C871QPIG,2518,Republican,English,60,Female,White,United States,United States,United States,English,No,Part-Time
656227a46c7549dfa0c5c4b5,5eb29a3db97d6b0008d24a1a,APPROVED,2023-11-25T16:58:12.299000Z,2023-11-25T17:04:57.421000Z,2023-11-25T17:04:58.021000Z,2023-11-25T17:04:57.925646Z,406.0,C871QPIG,5710,Republican,English,46,Male,White,United States,United States,United States,English,No,Full-Time
656227bb6c7549dfa0c5c4b8,5f032c613963d04d69c9327b,APPROVED,2023-11-25T16:59:33.371000Z,2023-11-25T17:18:33.226000Z,2023-11-25T17:18:33.838000Z,2023-11-25T17:18:33.777988Z,1140.0,C871QPIG,2998,Republican,English,71,Male,White,United States,United States,United States,English,No,Unemployed (and job seeking)
656227c2412013dde08aa86e,6318affb97357f1be82596f3,APPROVED,2023-11-25T17:03:45.102000Z,2023-11-25T17:18:57.726000Z,2023-11-25T17:18:58.231000Z,2023-11-25T17:18:58.169036Z,913.0,C871QPIG,528,Republican,English,36,Male,White,United States,United States,United States,English,No,Full-Time
656227cdaa9ef60ccbcbf1cc,6516d393471120eb4dad1d49,APPROVED,2023-11-25T16:58:56.902000Z,2023-11-25T17:04:34.732000Z,2023-11-25T17:04:35.455000Z,2023-11-25T17:04:35.358053Z,338.0,C871QPIG,348,Republican,English,55,Male,White,United States,United States,United States,English,No,Full-Time
656227e9206f543455cbf1ee,64876e8c1a6f7c303a92351b,APPROVED,2023-11-25T16:59:21.968000Z,2023-11-25T17:06:30.811000Z,2023-11-25T17:06:31.321000Z,2023-11-25T17:06:31.263258Z,429.0,C871QPIG,1456,Republican,English,70,Female,White,United States,United States,United States,English,No,Full-Time
656227ec39993ffa840e59eb,5fecd134b890b19cd8336b78,APPROVED,2023-11-25T16:59:31.515000Z,2023-11-25T17:06:45.111000Z,2023-11-25T17:06:45.794000Z,2023-11-25T17:06:45.723006Z,434.0,C871QPIG,1177,Republican,English,43,Female,White,United States,United States,United States,English,No,Full-Time
6562285d9989d4018001ae21,62827483ae4c6af3f0af9bce,APPROVED,2023-11-25T17:01:36.505000Z,2023-11-25T17:06:21.875000Z,2023-11-25T17:06:22.367000Z,2023-11-25T17:06:22.301944Z,286.0,C871QPIG,2747,Republican,English,25,Male,White,United States,United States,United States,English,No,Part-Time
6562286c281a434ed4e596e9,631396e643dc2531c8fe2e45,APPROVED,2023-11-25T17:01:37.529000Z,2023-11-25T17:13:03.594000Z,2023-11-25T17:13:04.140000Z,2023-11-25T17:13:04.068997Z,687.0,C871QPIG,1234,Republican,English,62,Male,White,United States,United States,United States,English,No,Full-Time
65622878d974b22ef85a8588,647f5b72256d6f1e6fe0d7b7,APPROVED,2023-11-25T17:01:48.885000Z,2023-11-25T17:16:35.173000Z,2023-11-25T17:16:35.777000Z,2023-11-25T17:16:35.714499Z,887.0,C871QPIG,1108,Republican,English,55,Male,White,Portugal,United States,United States,English,No,Part-Time
656228afccad598917c97a59,64d50c4b3a44318d98f4f5b2,APPROVED,2023-11-25T17:02:42.683000Z,2023-11-25T17:14:39.849000Z,2023-11-25T17:14:40.409000Z,2023-11-25T17:14:40.337104Z,718.0,C871QPIG,828,Republican,English,50,Female,White,United States,United States,United States,English,No,Unemployed (and job seeking)
656228c602e4967daa051fb9,5fefefa4c9707d3516361c9c,APPROVED,2023-11-25T17:03:07.377000Z,2023-11-25T17:06:33.842000Z,2023-11-25T17:06:34.431000Z,2023-11-25T17:06:34.361652Z,207.0,C871QPIG,6413,Republican,English,57,Female,Mixed,United States,United States,United States,English,No,Part-Time
656228cb4e9fecbf0e0b2ef5,62b0ef77e3519ee19788db34,APPROVED,2023-11-25T17:03:12.310000Z,2023-11-25T17:12:43.071000Z,2023-11-25T17:12:43.676000Z,2023-11-25T17:12:43.590788Z,571.0,C871QPIG,713,Republican,"English, Twi",32,Male,Black,Ghana,United States,United States,English,Yes,Full-Time
656228cc5f684628b4caa2fc,63bd9ac0dc52225142c5b1d4,APPROVED,2023-11-25T17:03:12.699000Z,2023-11-25T17:10:09.499000Z,2023-11-25T17:10:10.096000Z,2023-11-25T17:10:09.991431Z,417.0,C871QPIG,1695,Republican,English,60,Male,White,United States,United States,United States,English,No,Unemployed (and job seeking)
656229da281a434ed4e59710,5fd66ce8aec66457ff73d743,APPROVED,2023-11-25T17:07:44.052000Z,2023-11-25T17:14:15.823000Z,2023-11-25T17:14:16.409000Z,2023-11-25T17:14:16.343703Z,392.0,C871QPIG,2361,Republican,English,57,Female,White,United States,United States,United States,English,No,Full-Time
65622a0b3999ef1271a162c4,6536716f67abd656ad9da5af,APPROVED,2023-11-25T17:08:43.294000Z,2023-11-25T17:16:47.817000Z,2023-11-25T17:16:48.478000Z,2023-11-25T17:16:48.415645Z,485.0,C871QPIG,275,Republican,English,28,Male,White,Russian Federation,United States,United States,English,No,Full-Time
65622a3e970350a7d45f9a3c,57864d24900cc80001d2de56,APPROVED,2023-11-25T17:09:18.990000Z,2023-11-25T17:14:20.128000Z,2023-11-25T17:14:20.877000Z,2023-11-25T17:14:20.809604Z,302.0,C871QPIG,4090,Republican,English,45,Male,Asian,Guyana,United States,United States,English,DATA_EXPIRED,Full-Time
65622ba707bb3c72f8a7290c,631a68ee10ec68377cb03457,APPROVED,2023-11-25T17:15:19.467000Z,2023-11-25T17:26:21.719000Z,2023-11-25T17:26:22.261000Z,2023-11-25T17:26:22.188615Z,663.0,C871QPIG,1404,Republican,English,37,Male,White,United States,United States,United States,English,No,Full-Time
65622ec26f8924faf29e0f6e,63614af3f714542282bd139b,APPROVED,2023-11-25T17:28:37.211000Z,2023-11-25T17:33:48.633000Z,2023-11-25T17:33:49.209000Z,2023-11-25T17:33:49.133134Z,312.0,C871QPIG,2809,Republican,English,49,Male,White,United States,United States,United States,English,DATA_EXPIRED,DATA_EXPIRED
65622f58039b629654b9fe3c,646d3710dea5554a4b83d2a2,APPROVED,2023-11-25T17:31:04.530000Z,2023-11-25T17:40:39.255000Z,2023-11-25T17:40:39.762000Z,2023-11-25T17:40:39.693781Z,575.0,C871QPIG,1050,Republican,"English, German, French",73,Male,White,United States,United States,United States,English,DATA_EXPIRED,DATA_EXPIRED
65623167465720d8e2c39e8d,636acaf0ab9c76f449b54f2b,APPROVED,2023-11-25T17:39:51.835000Z,2023-11-25T17:48:17.923000Z,2023-11-25T17:48:18.489000Z,2023-11-25T17:48:18.429003Z,507.0,C871QPIG,1648,Republican,"English, German, French",43,Male,Black,United Kingdom,United States,United States,English,DATA_EXPIRED,DATA_EXPIRED
6562316c6f8924faf29e0fbf,641640ace28d2bb30c45c595,APPROVED,2023-11-25T17:40:01.609000Z,2023-11-25T17:47:36.662000Z,2023-11-25T17:47:37.255000Z,2023-11-25T17:47:37.194282Z,456.0,C871QPIG,2012,Republican,English,37,Male,Asian,United States,United States,United States,English,No,Full-Time
65623173faf39cf6bbad92af,636148a83d7a7c349bb08436,APPROVED,2023-11-25T17:40:08.111000Z,2023-11-25T17:44:19.451000Z,2023-11-25T17:44:19.951000Z,2023-11-25T17:44:19.872574Z,252.0,C871QPIG,3500,Republican,English,35,Female,White,United States,United States,United States,English,Yes,Full-Time
6562317405f88f4274f4606a,5cb2e89bc29be80001b13ed6,APPROVED,2023-11-25T17:40:09.576000Z,2023-11-25T17:48:41.456000Z,2023-11-25T17:48:41.949000Z,2023-11-25T17:48:41.894672Z,512.0,C871QPIG,5070,Republican,English,50,Female,White,United States,United States,United States,English,No,Part-Time
6562317accad598917c97b75,5589c7cefdf99b18bd86cf31,APPROVED,2023-11-25T17:40:13.801000Z,2023-11-25T18:08:08.359000Z,2023-11-25T18:08:08.946000Z,2023-11-25T18:08:08.886810Z,1675.0,C871QPIG,8213,Republican,"English, Spanish",40,Male,White,United States,United States,United States,English,No,Full-Time
6562317accad598917c97b76,5ff07b5ee7a1d23e719e421e,APPROVED,2023-11-25T17:40:17.627000Z,2023-11-25T17:48:31.365000Z,2023-11-25T17:48:32.083000Z,2023-11-25T17:48:32.025907Z,494.0,C871QPIG,2098,Republican,English,69,Female,White,United States,United States,United States,English,No,"Not in paid work (e.g. homemaker', 'retired or disabled)"
656231846e59ef440f0063b2,65396e0fea695094030f508b,APPROVED,2023-11-25T17:40:32.094000Z,2023-11-25T17:57:48.520000Z,2023-11-25T17:57:49.043000Z,2023-11-25T17:57:48.975407Z,1037.0,C871QPIG,227,Republican,English,63,Female,White,United States,United States,United States,English,No,Part-Time
656231858fbbc31e12422f0e,65329f9f32a6d18b78fea874,APPROVED,2023-11-25T17:40:29.258000Z,2023-11-25T17:52:07.387000Z,2023-11-25T17:52:07.962000Z,2023-11-25T17:52:07.900742Z,699.0,C871QPIG,242,Republican,"English, Italian, Spanish",65,Male,Black,Nigeria,United States,United States,English,DATA_EXPIRED,Part-Time
6562318b6f8924faf29e0fc9,611e687b8028e22946b055e7,APPROVED,2023-11-25T17:40:27.436000Z,2023-11-25T17:55:31.384000Z,2023-11-25T17:55:33.084000Z,2023-11-25T17:55:31.909989Z,904.0,C871QPIG,1301,Republican,English,28,Male,White,United States,United States,United States,English,Yes,Part-Time
6562318dba9e145a221ed508,5fbd18be2b7651043385b705,APPROVED,2023-11-25T17:40:38.512000Z,2023-11-25T17:47:55.735000Z,2023-11-25T17:47:56.400000Z,2023-11-25T17:47:56.339769Z,438.0,C871QPIG,2751,Republican,"English, Spanish",29,Male,Other,United States,United States,United States,English,No,Full-Time
6562318e6752019f98cf582d,5ba292385301b80001c71ba2,APPROVED,2023-11-25T17:40:33.913000Z,2023-11-25T17:47:42.539000Z,2023-11-25T17:47:43.214000Z,2023-11-25T17:47:43.152671Z,429.0,C871QPIG,7079,Republican,English,50,Male,White,United States,United States,United States,English,No,Full-Time
6562318f1232590027aa07b2,56e130548b1c33000a388671,APPROVED,2023-11-25T17:40:31.655000Z,2023-11-25T17:44:40.471000Z,2023-11-25T17:44:41.027000Z,2023-11-25T17:44:40.972967Z,249.0,C871QPIG,5266,Republican,English,30,Male,White,United States,United States,United States,English,No,Full-Time
65623193e817db3fa10a3038,62fbeca46caf4abaaf74b5f1,APPROVED,2023-11-25T17:40:38.531000Z,2023-11-25T17:45:50.646000Z,2023-11-25T17:45:53.069000Z,2023-11-25T17:45:51.081815Z,313.0,C871QPIG,2949,Republican,English,64,Male,White,United States,United States,United States,English,No,"Not in paid work (e.g. homemaker', 'retired or disabled)"
65623194ed7a09c1aec5a24f,651f8f555a5fde411587c859,APPROVED,2023-11-25T17:40:46.236000Z,2023-11-25T17:47:42.745000Z,2023-11-25T17:47:48.318000Z,2023-11-25T17:47:43.233879Z,417.0,C871QPIG,348,Republican,English,49,Male,Mixed,United States,United States,United States,English,No,Part-Time
65623194dac1c6f8a0ea0969,6132542039ead71f30971bd6,APPROVED,2023-11-25T17:40:47.675000Z,2023-11-25T17:46:02.500000Z,2023-11-25T17:46:03.021000Z,2023-11-25T17:46:02.953633Z,315.0,C871QPIG,6258,Republican,English,43,Male,White,United States,United States,United States,English,No,Full-Time
656231955773bbef3826ebc1,606604f1ca47696cf97529c0,APPROVED,2023-11-25T17:40:51.625000Z,2023-11-25T17:49:26.155000Z,2023-11-25T17:49:26.705000Z,2023-11-25T17:49:26.642255Z,515.0,C871QPIG,6135,Republican,English,38,Male,White,United States,United States,United States,English,No,DATA_EXPIRED
65623196ec32618db6ea0983,612962f44f151ddfd0298c52,APPROVED,2023-11-25T17:40:42.520000Z,2023-11-25T17:47:26.876000Z,2023-11-25T17:47:27.446000Z,2023-11-25T17:47:27.383414Z,405.0,C871QPIG,4230,Republican,English,63,Male,White,United States,United States,United States,English,No,Full-Time
65623197ebde63a4d1e3ffec,644f255ec4f58fe559261911,APPROVED,2023-11-25T17:40:46.202000Z,2023-11-25T17:49:33.045000Z,2023-11-25T17:49:34.298000Z,2023-11-25T17:49:34.235088Z,527.0,C871QPIG,1621,Republican,English,65,Male,White,United States,United States,United States,English,No,"Not in paid work (e.g. homemaker', 'retired or disabled)"
65623199ebde63a4d1e3ffed,5bdfb648484288000130dad0,APPROVED,2023-11-25T17:40:41.041000Z,2023-11-25T17:46:33.504000Z,2023-11-25T17:46:34.070000Z,2023-11-25T17:46:34.010422Z,353.0,C871QPIG,4782,Republican,English,31,Male,White,United States,United States,United States,English,No,Full-Time
6562319981a59126918aa90e,63d698af12a4d488c5fdf05a,APPROVED,2023-11-25T17:40:50.132000Z,2023-11-25T17:51:19.591000Z,2023-11-25T17:51:20.268000Z,2023-11-25T17:51:20.206417Z,630.0,C871QPIG,2160,Republican,English,36,Male,White,United States,United States,United States,English,No,Unemployed (and job seeking)
6562319bb1357ca5cb26eb4a,5f6e2f793c9b1032dbe72def,APPROVED,2023-11-25T17:40:56.016000Z,2023-11-25T17:48:47.398000Z,2023-11-25T17:48:47.932000Z,2023-11-25T17:48:47.879359Z,472.0,C871QPIG,4980,Republican,English,43,Male,White,United States,United States,United States,English,DATA_EXPIRED,DATA_EXPIRED
656231a0b61c0afeebad3f8c,654330ed45a4782f4794ff49,APPROVED,2023-11-25T17:43:28.896000Z,2023-11-25T18:10:52.303000Z,2023-11-25T18:10:52.896000Z,2023-11-25T18:10:52.833541Z,1644.0,C871QPIG,97,Republican,English,36,Male,Black,Nigeria,United States,United States,English,Yes,DATA_EXPIRED
656231a95fde826cb82b4add,60bd28cc95ab27d4f4f6ada3,APPROVED,2023-11-25T17:41:02.947000Z,2023-11-25T17:45:51.222000Z,2023-11-25T17:45:56.926000Z,2023-11-25T17:45:51.848928Z,289.0,C871QPIG,5434,Republican,English,56,Male,White,United States,United States,United States,English,No,Full-Time
656231aa04ff9019381ed540,63dd3dd2593c92be97d8dbde,APPROVED,2023-11-25T17:41:50.211000Z,2023-11-25T17:46:52.088000Z,2023-11-25T17:46:52.689000Z,2023-11-25T17:46:52.629035Z,302.0,C871QPIG,1921,Republican,English,20,Male,Asian,United States,United States,United States,English,No,Unemployed (and job seeking)
656231ab76bea659f43be428,63d5a05179cf91a6e6a652cb,APPROVED,2023-11-25T17:46:27.695000Z,2023-11-25T18:29:59.061000Z,2023-11-25T18:29:59.614000Z,2023-11-25T18:29:59.550080Z,2612.0,C871QPIG,900,Republican,"Spanish, English",19,Male,Other,United States,United States,United States,English,Yes,DATA_EXPIRED
656231b53999ef1271a16413,5b0319e68d753d0001cc75c7,APPROVED,2023-11-25T17:41:12.297000Z,2023-11-25T17:46:46.189000Z,2023-11-25T17:46:46.758000Z,2023-11-25T17:46:46.693646Z,334.0,C871QPIG,2552,Republican,"Dutch, English",50,Female,White,United States,United States,United States,English,No,Full-Time
656231bdec32618db6ea0989,653fc352c624ab8543d4e2ff,APPROVED,2023-11-25T17:41:22.464000Z,2023-11-25T17:51:09.234000Z,2023-11-25T17:51:09.783000Z,2023-11-25T17:51:09.712555Z,587.0,C871QPIG,188,Republican,English,46,Male,White,United States,United States,United States,English,No,Full-Time
656231bef6b4756ac64c374c,6406300d0af7758269c8dc0b,APPROVED,2023-11-25T17:49:53.040000Z,2023-11-25T18:18:57.065000Z,2023-11-25T18:18:57.544000Z,2023-11-25T18:18:57.474985Z,1745.0,C871QPIG,1554,Republican,"English, Spanish",24,Male,Mixed,United States,United States,United States,English,Yes,Full-Time
656231c2412013dde08aa9bd,636581a08eab842daa28f00a,APPROVED,2023-11-25T17:41:30.086000Z,2023-11-25T17:44:51.929000Z,2023-11-25T17:44:52.585000Z,2023-11-25T17:44:52.508117Z,202.0,C871QPIG,2608,Republican,English,32,Male,White,United States,United States,United States,English,No,Full-Time
656231c778ae045713e59d95,59296fb2e8a7ff000163f033,APPROVED,2023-11-25T17:41:30.793000Z,2023-11-25T18:02:29.335000Z,2023-11-25T18:02:29.832000Z,2023-11-25T18:02:29.768081Z,1259.0,C871QPIG,7040,Republican,English,39,Male,White,United States,United States,United States,English,No,Full-Time
656231c752624795c40b30a1,62dc177e02f82aabb20aebc2,APPROVED,2023-11-25T17:41:35.911000Z,2023-11-25T17:49:51.537000Z,2023-11-25T17:49:52.129000Z,2023-11-25T17:49:52.039501Z,496.0,C871QPIG,2971,Republican,English,63,Female,White,United States,United States,United States,English,No,Other
656231c927dc5d95e0caa4b8,63251e479509813fab713ad2,APPROVED,2023-11-25T17:41:32.471000Z,2023-11-25T17:53:37.380000Z,2023-11-25T17:53:37.859000Z,2023-11-25T17:53:37.794223Z,725.0,C871QPIG,3027,Republican,English,39,Male,White,United States,United States,United States,English,No,Full-Time
656231cb2e8eaec4c6b4ad6a,644a9d92849b27eb99202a91,APPROVED,2023-11-25T17:47:35.400000Z,2023-11-25T17:57:45.029000Z,2023-11-25T17:57:45.596000Z,2023-11-25T17:57:45.527745Z,610.0,C871QPIG,1635,Republican,English,56,Female,White,United States,United States,United States,English,DATA_EXPIRED,DATA_EXPIRED
656231d1d1d5261a1559dd4a,5d8a64630ffb9c001746ca2c,APPROVED,2023-11-25T17:41:41.511000Z,2023-11-25T17:53:19.647000Z,2023-11-25T17:53:20.227000Z,2023-11-25T17:53:20.163838Z,699.0,C871QPIG,8081,Republican,English,64,Male,Asian,United States,United States,United States,English,No,Full-Time
656231d549d17889d8a5df9f,5d1511f1e814b800016108a6,APPROVED,2023-11-25T17:41:49.038000Z,2023-11-25T17:49:31.672000Z,2023-11-25T17:49:32.218000Z,2023-11-25T17:49:32.159096Z,463.0,C871QPIG,6518,Republican,English,67,Male,White,United States,United States,United States,English,No,Full-Time
656231e6e4e979a116eed515,653952edc9d2be4fc5755bc6,APPROVED,2023-11-25T17:42:07.839000Z,2023-11-25T17:52:55.397000Z,2023-11-25T17:52:55.973000Z,2023-11-25T17:52:55.883866Z,648.0,C871QPIG,255,Republican,English,69,Female,White,United States,United States,United States,English,No,Unemployed (and job seeking)
65623203d6a4ad5c96c5a38b,640d43c9451ce148162a7643,APPROVED,2023-11-25T17:42:31.405000Z,2023-11-25T17:48:03.213000Z,2023-11-25T17:48:03.820000Z,2023-11-25T17:48:03.751955Z,332.0,C871QPIG,2214,Republican,English,48,Male,White,United States,United States,United States,English,No,Full-Time
65623208af788989fed635ab,5bc9206a66d04800015cf314,APPROVED,2023-11-25T17:42:38.224000Z,2023-11-25T18:09:37.863000Z,2023-11-25T18:09:38.394000Z,2023-11-25T18:09:38.329960Z,1620.0,C871QPIG,2272,Republican,English,39,Male,White,United States,United States,United States,English,DATA_EXPIRED,Full-Time
6562320bba9e145a221ed523,6462ad7a6af483d279eefb98,APPROVED,2023-11-25T17:42:49.468000Z,2023-11-25T17:47:14.402000Z,2023-11-25T17:47:14.939000Z,2023-11-25T17:47:14.875360Z,265.0,C871QPIG,990,Republican,"English, French",50,Male,Black,United States,United States,United States,English,DATA_EXPIRED,Unemployed (and job seeking)
6562320fb59385931130359e,638468d6652b6288319b9c4f,APPROVED,2023-11-25T17:42:52.069000Z,2023-11-25T17:52:02.582000Z,2023-11-25T17:52:03.124000Z,2023-11-25T17:52:03.043149Z,551.0,C871QPIG,1506,Republican,English,51,Male,White,United States,United States,United States,English,No,"Not in paid work (e.g. homemaker', 'retired or disabled)"
6562321119bb4cecffc7e713,63804d105c37525d499b9c6c,APPROVED,2023-11-25T17:42:45.420000Z,2023-11-25T17:51:05.257000Z,2023-11-25T17:51:05.871000Z,2023-11-25T17:51:05.776138Z,500.0,C871QPIG,2530,Republican,English,60,Female,Asian,United States,United States,United States,English,No,Unemployed (and job seeking)
656232246c7549dfa0c5c615,5e9746fb1eed951eed404015,APPROVED,2023-11-25T17:43:05.659000Z,2023-11-25T17:49:11.036000Z,2023-11-25T17:49:11.577000Z,2023-11-25T17:49:11.517920Z,366.0,C871QPIG,4145,Republican,English,31,Female,Other,United States,United States,United States,English,No,Full-Time
6562322aed7a09c1aec5a25f,64356a3c3a7e7f1170215972,APPROVED,2023-11-25T17:43:16.783000Z,2023-11-25T17:57:15.569000Z,2023-11-25T17:57:16.169000Z,2023-11-25T17:57:16.099158Z,839.0,C871QPIG,507,Republican,English,50,Female,Black,United States,United States,United States,English,DATA_EXPIRED,DATA_EXPIRED
6562323162f94e46115f9a24,5dd3dc145e91193b816a60e1,APPROVED,2023-11-25T17:43:18.382000Z,2023-11-25T17:53:30.378000Z,2023-11-25T17:53:30.858000Z,2023-11-25T17:53:30.785604Z,612.0,C871QPIG,6095,Republican,English,57,Male,White,United States,United States,United States,English,No,Full-Time
656232385b88c55ff4e8f5bc,60d66ec4a3c13ac0f607e7d9,APPROVED,2023-11-25T17:43:27.896000Z,2023-11-25T17:50:51.675000Z,2023-11-25T17:50:52.283000Z,2023-11-25T17:50:52.203398Z,444.0,C871QPIG,2347,Republican,English,35,Female,White,United States,United States,United States,English,No,Full-Time
6562324ab7c75898d1475b5d,5c3c7913b4f22c0001a0809c,APPROVED,2023-11-25T17:43:47.854000Z,2023-11-25T17:48:39.177000Z,2023-11-25T17:48:39.733000Z,2023-11-25T17:48:39.662799Z,292.0,C871QPIG,7449,Republican,English,71,Male,White,United States,United States,United States,English,No,Full-Time
6562324b412013dde08aa9cc,5ec00f62cf12be40ea6fe344,APPROVED,2023-11-25T17:43:57.845000Z,2023-11-25T17:51:21.569000Z,2023-11-25T17:51:22.103000Z,2023-11-25T17:51:22.044519Z,444.0,C871QPIG,6439,Republican,English,49,Female,White,United States,United States,United States,English,No,Full-Time
6562325fdf7148db86006387,652bfb72d177004179b96ff4,APPROVED,2023-11-25T17:44:06.787000Z,2023-11-25T17:59:08.835000Z,2023-11-25T17:59:09.417000Z,2023-11-25T17:59:09.359862Z,903.0,C871QPIG,178,Republican,English,38,Male,Black,Nigeria,United States,United States,English,Yes,Full-Time
6562325f8b1bd5f742709dc3,60ccbffae161aadb1880ad6c,APPROVED,2023-11-25T17:44:02.733000Z,2023-11-25T17:59:27.227000Z,2023-11-25T17:59:27.715000Z,2023-11-25T17:59:27.652253Z,925.0,C871QPIG,5362,Republican,English,35,Female,White,United States,United States,United States,English,No,Full-Time
65623265ccad598917c97b8d,5c95493ddd325800166f838a,APPROVED,2023-11-25T17:44:11.606000Z,2023-11-25T17:52:41.391000Z,2023-11-25T17:52:42.012000Z,2023-11-25T17:52:41.947942Z,510.0,C871QPIG,3733,Republican,"Latvian, English, Russian",42,Female,White,Latvia,United States,United States,English,No,Full-Time
65623279d4e52464c5446ff4,606609111ba10f35596db018,APPROVED,2023-11-25T17:44:29.265000Z,2023-11-25T17:49:11.533000Z,2023-11-25T17:49:17.012000Z,2023-11-25T17:49:11.928442Z,283.0,C871QPIG,4728,Republican,English,63,Female,White,United States,United States,United States,English,No,Part-Time
65623282df7148db8600638c,5f456942485340144549178e,APPROVED,2023-11-25T17:47:26.041000Z,2023-11-25T17:55:58.831000Z,2023-11-25T17:55:59.389000Z,2023-11-25T17:55:59.326596Z,513.0,C871QPIG,4864,Republican,English,64,Female,White,United States,United States,United States,English,No,"Not in paid work (e.g. homemaker', 'retired or disabled)"
656232860a29143ccea92519,63d13c066352266a8621cc2a,APPROVED,2023-11-25T17:44:42.210000Z,2023-11-25T17:48:33.653000Z,2023-11-25T17:48:34.246000Z,2023-11-25T17:48:34.181405Z,232.0,C871QPIG,1908,Republican,English,39,Female,White,United States,United States,United States,English,DATA_EXPIRED,DATA_EXPIRED
6562328cba9e145a221ed53f,646ae503018c43cc5e033ae6,APPROVED,2023-11-25T17:44:47.782000Z,2023-11-25T17:50:03.551000Z,2023-11-25T17:50:04.168000Z,2023-11-25T17:50:04.080138Z,316.0,C871QPIG,801,Republican,English,35,Male,White,United States,United States,United States,English,No,Part-Time
656232b36e59ef440f0063d2,6272b9dfc470a51d5fa0e6ea,APPROVED,2023-11-25T17:45:39.496000Z,2023-11-25T17:54:04.062000Z,2023-11-25T17:54:04.653000Z,2023-11-25T17:54:04.574089Z,505.0,C871QPIG,3206,Republican,English,40,Male,Asian,Korea,United States,United States,English,DATA_EXPIRED,Full-Time
656232f5df7148db8600639a,5e9fb21375fbf815d491d394,APPROVED,2023-11-25T17:46:32.321000Z,2023-11-25T17:52:36.389000Z,2023-11-25T17:52:36.932000Z,2023-11-25T17:52:36.864226Z,365.0,C871QPIG,1034,Republican,English,48,Female,White,United States,United States,United States,English,Yes,Full-Time
656232f833f9766de19ad2ff,5d094021c79e5a001a796b43,APPROVED,2023-11-25T17:46:36.064000Z,2023-11-25T17:54:18.939000Z,2023-11-25T17:54:19.502000Z,2023-11-25T17:54:19.434218Z,463.0,C871QPIG,7627,Republican,English,38,Male,Mixed,United States,United States,United States,English,No,Full-Time
6562332505f88f4274f4609a,63cac85f8519383ef0422593,APPROVED,2023-11-25T17:47:30.848000Z,2023-11-25T17:56:06.891000Z,2023-11-25T17:56:07.398000Z,2023-11-25T17:56:07.325290Z,517.0,C871QPIG,2593,Republican,English,58,Male,White,United States,United States,United States,English,No,Full-Time
65623334856d40cf2416fcdf,60859f820e5009a67adb3921,APPROVED,2023-11-25T17:47:35.288000Z,2023-11-25T17:54:42.274000Z,2023-11-25T17:54:42.864000Z,2023-11-25T17:54:42.801258Z,427.0,C871QPIG,2894,Republican,English,55,Female,White,United States,United States,United States,English,No,Full-Time
656233480a5feb37d7a5e0b2,5d8a1d20d1afcb0019d7390b,APPROVED,2023-11-25T17:47:55.767000Z,2023-11-25T17:59:45.736000Z,2023-11-25T17:59:46.249000Z,2023-11-25T17:59:46.190625Z,710.0,C871QPIG,6986,Republican,English,72,Male,White,United States,United States,United States,English,No,Part-Time
6562334ee4e979a116eed530,644f162cac2c2b8aa0583b89,APPROVED,2023-11-25T17:48:03.534000Z,2023-11-25T18:00:54.440000Z,2023-11-25T18:00:55.013000Z,2023-11-25T18:00:54.943792Z,771.0,C871QPIG,1522,Republican,English,54,Female,White,United States,United States,United States,English,No,Part-Time
656233548f2aa15b980e5b1a,5c67a79a2f6d5e000174ced0,APPROVED,2023-11-25T17:48:11.501000Z,2023-11-25T18:05:05.088000Z,2023-11-25T18:05:05.637000Z,2023-11-25T18:05:05.580698Z,1014.0,C871QPIG,1322,Republican,English,34,Male,Mixed,United States,United States,United States,English,No,Full-Time
65623356ba38c8a8d3285894,5758a78d768081000631a322,APPROVED,2023-11-25T17:48:09.019000Z,2023-11-25T17:51:59.148000Z,2023-11-25T17:51:59.692000Z,2023-11-25T17:51:59.631362Z,231.0,C871QPIG,4075,Republican,English,55,Female,White,United States,United States,United States,English,No,Part-Time
65623363a7783faea22858b0,653b07dc6d0abbc519239d1c,APPROVED,2023-11-25T17:48:38.006000Z,2023-11-25T18:01:54.126000Z,2023-11-25T18:01:54.735000Z,2023-11-25T18:01:54.667995Z,797.0,C871QPIG,225,Republican,English,64,Female,Black,United States,United States,United States,English,No,Full-Time
65623376ccad598917c97bb0,5ff591cba89e1b000bfb9852,APPROVED,2023-11-25T17:48:41.837000Z,2023-11-25T17:57:02.539000Z,2023-11-25T17:57:03.166000Z,2023-11-25T17:57:03.098133Z,501.0,C871QPIG,6921,Republican,English,37,Male,White,United States,United States,United States,English,No,Full-Time
6562337bf6b4756ac64c379b,63ecff07b619306f41db42fa,APPROVED,2023-11-25T17:50:39.957000Z,2023-11-25T17:58:26.867000Z,2023-11-25T17:58:27.491000Z,2023-11-25T17:58:27.432878Z,467.0,C871QPIG,1581,Republican,English,33,Male,White,United States,United States,United States,English,No,Full-Time
656233837389aac2354b69ef,59f226a9d6380600018b2923,APPROVED,2023-11-25T17:48:58.262000Z,2023-11-25T17:58:03.663000Z,2023-11-25T17:58:04.237000Z,2023-11-25T17:58:04.177162Z,546.0,C871QPIG,6984,Republican,English,59,Female,White,United States,United States,United States,English,No,Full-Time
6562339149d17889d8a5dfe2,62d59a066ee263bb659aa445,APPROVED,2023-11-25T17:49:08.864000Z,2023-11-25T17:55:26.352000Z,2023-11-25T17:55:26.910000Z,2023-11-25T17:55:26.847487Z,378.0,C871QPIG,3945,Republican,English,70,Female,White,United States,United States,United States,English,No,"Not in paid work (e.g. homemaker', 'retired or disabled)"
656233a5175724ea7f1841c0,64d901edd0bcbd2cf64d560f,APPROVED,2023-11-25T17:56:22.466000Z,2023-11-25T18:17:43.377000Z,2023-11-25T18:17:43.886000Z,2023-11-25T18:17:43.807818Z,1281.0,C871QPIG,761,Republican,English,50,Male,White,United States,United States,United States,English,Yes,Full-Time
656233b06821cc8b3f1a3e7d,5fd67cce91f9895969c0edee,APPROVED,2023-11-25T17:49:39.792000Z,2023-11-25T17:53:41.831000Z,2023-11-25T17:53:42.373000Z,2023-11-25T17:53:42.304822Z,243.0,C871QPIG,5021,Republican,English,32,Male,Black,United States,United States,United States,English,No,Full-Time
656233b2d31b0077434470d4,6334b0fc574064de4e68f578,APPROVED,2023-11-25T17:49:38.750000Z,2023-11-25T17:54:52.757000Z,2023-11-25T17:54:53.262000Z,2023-11-25T17:54:53.197169Z,315.0,C871QPIG,2671,Republican,"English, Spanish",63,Female,White,United States,United States,United States,English,No,Full-Time
656233c25b88c55ff4e8f5f3,60fc828f90e7be230f078723,APPROVED,2023-11-25T17:50:03.206000Z,2023-11-25T18:03:29.313000Z,2023-11-25T18:03:29.888000Z,2023-11-25T18:03:29.825687Z,807.0,C871QPIG,417,Republican,English,35,Female,White,United States,United States,United States,English,No,"Not in paid work (e.g. homemaker', 'retired or disabled)"
656233dded7a09c1aec5a2a5,5d909be93113b700156fcaeb,APPROVED,2023-11-25T17:50:38.127000Z,2023-11-25T18:06:36.623000Z,2023-11-25T18:06:37.177000Z,2023-11-25T18:06:37.118766Z,959.0,C871QPIG,1053,Republican,English,30,Male,White,United States,United States,United States,English,No,Full-Time
656233deba9e145a221ed571,63d7a8a2591096e22405d64a,APPROVED,2023-11-25T17:50:26.587000Z,2023-11-25T17:54:25.654000Z,2023-11-25T17:54:26.206000Z,2023-11-25T17:54:26.143748Z,240.0,C871QPIG,1075,Republican,English,37,Male,White,United States,United States,United States,English,No,Full-Time
656233df3999ef1271a16462,559d303cfdf99b7e7408f0c2,APPROVED,2023-11-25T17:50:36.419000Z,2023-11-25T17:59:39.035000Z,2023-11-25T17:59:39.551000Z,2023-11-25T17:59:39.492466Z,543.0,C871QPIG,558,Republican,English,60,Female,White,United States,United States,United States,English,No,"Not in paid work (e.g. homemaker', 'retired or disabled)"
656233f6a5393b4df5989dc5,5d99f1a45a1126001c5c0a84,APPROVED,2023-11-25T17:50:49.595000Z,2023-11-25T17:58:33.475000Z,2023-11-25T17:58:33.996000Z,2023-11-25T17:58:33.930879Z,464.0,C871QPIG,2857,Republican,English,41,Male,White,United States,United States,United States,English,No,Full-Time
6562340e27dc5d95e0caa516,58742bf5d53c97000159df8c,APPROVED,2023-11-25T17:51:14.034000Z,2023-11-25T17:59:44.121000Z,2023-11-25T17:59:44.693000Z,2023-11-25T17:59:44.634387Z,511.0,C871QPIG,6212,Republican,English,34,Female,White,United States,United States,United States,English,No,Part-Time
65623414d64d364e644c374a,63345f710321e08d1720919e,APPROVED,2023-11-25T17:51:23.809000Z,2023-11-25T17:59:03.417000Z,2023-11-25T17:59:03.921000Z,2023-11-25T17:59:03.861078Z,460.0,C871QPIG,382,Republican,English,36,Male,Mixed,United States,United States,United States,English,No,Full-Time
656234231232590027aa082a,6441526eeb9af80652fc9df0,APPROVED,2023-11-25T17:51:42.707000Z,2023-11-25T17:55:44.768000Z,2023-11-25T17:55:45.327000Z,2023-11-25T17:55:45.266734Z,243.0,C871QPIG,725,Republican,English,51,Female,Black,United States,United States,United States,English,DATA_EXPIRED,Full-Time
6562343f4d363e786bc5c545,5f5ce7f940a2614f6cb6e747,APPROVED,2023-11-25T17:51:59.256000Z,2023-11-25T18:01:03.226000Z,2023-11-25T18:01:03.758000Z,2023-11-25T18:01:03.699147Z,544.0,C871QPIG,6216,Republican,English,37,Female,White,United States,United States,United States,English,DATA_EXPIRED,DATA_EXPIRED
6562344bd64d364e644c3752,62e2deadd18974300540f870,APPROVED,2023-11-25T17:52:15.415000Z,2023-11-25T18:14:25.562000Z,2023-11-25T18:14:26.064000Z,2023-11-25T18:14:25.998396Z,1331.0,C871QPIG,1994,Republican,English,38,Male,White,United States,United States,United States,English,No,Full-Time
6562347bed7a09c1aec5a2b7,6148f3d1074988c7852c1774,APPROVED,2023-11-25T17:53:03.438000Z,2023-11-25T17:57:50.807000Z,2023-11-25T17:57:51.372000Z,2023-11-25T17:57:51.317698Z,288.0,C871QPIG,4619,Republican,English,20,Female,White,United States,United States,United States,English,Yes,Part-Time
6562348edac1c6f8a0ea09c6,622a45377f266d99ea297793,APPROVED,2023-11-25T17:53:25.550000Z,2023-11-25T18:07:03.910000Z,2023-11-25T18:07:04.451000Z,2023-11-25T18:07:04.391091Z,819.0,C871QPIG,2209,Republican,English,59,Female,White,United States,United States,United States,English,No,Part-Time
656234a7039b629654b9fec7,65464b7e526b25cfc1dfeeb2,APPROVED,2023-11-25T17:53:47.781000Z,2023-11-25T18:01:18.557000Z,2023-11-25T18:01:19.152000Z,2023-11-25T18:01:19.077657Z,451.0,C871QPIG,171,Republican,English,30,Prefer not to say,Mixed,United States,United States,United States,English,No,Full-Time
656234a881a59126918aa96f,64d51bcdead49bdcdb2ddc37,APPROVED,2023-11-25T17:53:56.002000Z,2023-11-25T18:05:28.600000Z,2023-11-25T18:05:29.240000Z,2023-11-25T18:05:29.180023Z,693.0,C871QPIG,1068,Republican,English,48,Female,White,United States,United States,United States,English,No,Full-Time
656234b46821cc8b3f1a3ea9,62c3b1a4336684ef3487547e,APPROVED,2023-11-25T17:53:59.268000Z,2023-11-25T17:58:32.525000Z,2023-11-25T17:58:33.088000Z,2023-11-25T17:58:33.023895Z,274.0,C871QPIG,1150,Republican,English,28,Male,White,United States,United States,United States,English,No,Full-Time
656234b80741f7a77c5feea3,5ae59f8cc3c3ab00018f7185,APPROVED,2023-11-25T17:55:15.807000Z,2023-11-25T18:01:52.738000Z,2023-11-25T18:01:53.360000Z,2023-11-25T18:01:53.297597Z,397.0,C871QPIG,3635,Republican,English,DATA_EXPIRED,Female,White,United States,United States,United States,English,DATA_EXPIRED,DATA_EXPIRED
656234bc94b400ad8a63d9da,63efaace5197dda4627d742f,APPROVED,2023-11-25T17:54:13.505000Z,2023-11-25T18:01:59.493000Z,2023-11-25T18:02:00.091000Z,2023-11-25T18:02:00.027660Z,466.0,C871QPIG,2279,Republican,English,45,Female,Mixed,United States,United States,United States,English,No,Full-Time
656234d158fc1a695865eb6f,5dd1df8fb48da3240ca85c45,APPROVED,2023-11-25T17:54:35.269000Z,2023-11-25T18:03:06.915000Z,2023-11-25T18:03:07.453000Z,2023-11-25T18:03:07.387521Z,512.0,C871QPIG,1038,Republican,English,48,Female,White,United States,United States,United States,English,No,"Not in paid work (e.g. homemaker', 'retired or disabled)"
656234df39993ffa840e5b61,6528476c0146ef97d76583f0,APPROVED,2023-11-25T17:54:54.633000Z,2023-11-25T17:59:37.229000Z,2023-11-25T17:59:37.760000Z,2023-11-25T17:59:37.702324Z,283.0,C871QPIG,460,Republican,English,49,Female,White,United States,United States,United States,English,No,Full-Time
656234fa6e59ef440f00641e,655e2fc2216f481406e1fcb2,APPROVED,2023-11-25T17:55:12.013000Z,2023-11-25T18:14:08.781000Z,2023-11-25T18:14:09.313000Z,2023-11-25T18:14:09.251563Z,1137.0,C871QPIG,22,Republican,English,55,Female,White,United States,United States,United States,English,No,Part-Time
656234fb6a40b026d0fac96a,61451e21a303bee08cbb86ea,APPROVED,2023-11-25T17:55:21.801000Z,2023-11-25T18:01:19.042000Z,2023-11-25T18:01:24.629000Z,2023-11-25T18:01:19.538828Z,358.0,C871QPIG,2377,Republican,English,22,Male,White,United States,United States,United States,English,No,Unemployed (and job seeking)
6562350c5e9a86ae42bf390b,5ed0539cc810201300401301,APPROVED,2023-11-25T17:55:27.932000Z,2023-11-25T18:06:51.036000Z,2023-11-25T18:06:51.627000Z,2023-11-25T18:06:51.583179Z,684.0,C871QPIG,909,Republican,English,43,Female,White,United States,United States,United States,English,No,Full-Time
65623584dac1c6f8a0ea09e3,63d7e87ee7333b219a553295,APPROVED,2023-11-25T17:57:29.844000Z,2023-11-25T18:03:55.871000Z,2023-11-25T18:03:56.375000Z,2023-11-25T18:03:56.308097Z,387.0,C871QPIG,1883,Republican,English,46,Male,White,United States,United States,United States,English,No,Full-Time
6562358e163e4c5a24c97c04,642c4e7bfd8088d145fa1bc9,APPROVED,2023-11-25T17:57:39.229000Z,2023-11-25T18:01:28.443000Z,2023-11-25T18:01:28.970000Z,2023-11-25T18:01:28.898473Z,230.0,C871QPIG,1073,Republican,"Chinese, English",27,Male,Asian,United States,United States,United States,English,No,Full-Time
65623597d1d5261a1559ddab,64402f7ad3d019dc99b9f3f0,APPROVED,2023-11-25T18:00:04.706000Z,2023-11-25T18:11:08.437000Z,2023-11-25T18:11:09.152000Z,2023-11-25T18:11:09.091636Z,664.0,C871QPIG,1626,Republican,"English, Spanish",23,Male,White,United States,United States,United States,English,DATA_EXPIRED,DATA_EXPIRED
656235a7e4f5a268a959c874,65562093cb3d4b04b4d3e8da,APPROVED,2023-11-25T18:01:05.951000Z,2023-11-25T18:07:24.921000Z,2023-11-25T18:07:25.492000Z,2023-11-25T18:07:25.424629Z,379.0,C871QPIG,106,Republican,"English, Korean",30,Male,Asian,United States,United States,United States,English,No,Full-Time
656235cbaf788989fed63626,60171c9b1a726593103182b3,APPROVED,2023-11-25T17:58:55.946000Z,2023-11-25T18:09:11.608000Z,2023-11-25T18:09:12.203000Z,2023-11-25T18:09:12.140723Z,616.0,C871QPIG,4220,Republican,English,50,Male,White,United States,United States,United States,English,No,Part-Time
656235d58fbbc31e12422f7f,653d43061052fbfadf52f348,APPROVED,2023-11-25T17:58:48.904000Z,2023-11-25T18:20:43.593000Z,2023-11-25T18:20:44.150000Z,2023-11-25T18:20:44.088469Z,1315.0,C871QPIG,10,Republican,English,49,Male,White,United States,United States,United States,English,No,Full-Time
656235eb8b1bd5f742709e3f,5deb638bff7f7126d6fb5142,APPROVED,2023-11-25T18:00:05.256000Z,2023-11-25T18:08:31.002000Z,2023-11-25T18:08:31.645000Z,2023-11-25T18:08:31.587791Z,506.0,C871QPIG,3306,Republican,English,48,Male,White,United States,United States,United States,English,No,Full-Time
6562377d81a59126918aa9b3,5c7a94dc8fbcb100146b6dc7,APPROVED,2023-11-25T18:06:50.462000Z,2023-11-25T18:14:46.278000Z,2023-11-25T18:14:46.795000Z,2023-11-25T18:14:46.734469Z,476.0,C871QPIG,890,Republican,English,35,Female,Asian,Philippines,United States,United States,Tagalog-Filipino,No,Other
65623d30afa45064617c5765,603d6ae665fbaacb5621ede2,APPROVED,2023-11-25T18:30:11.433000Z,2023-11-25T18:38:27.667000Z,2023-11-25T18:38:28.448000Z,2023-11-25T18:38:28.349089Z,497.0,C871QPIG,4112,Republican,"Dutch, English, French, Korean, Japanese, Spanish",26,Male,Black,United States,United States,United States,English,No,Full-Time
656221a75c84d167b9422d55,644ff5cdfdce8f493ccc6ca9,RETURNED,2023-11-25T16:32:43.798000Z,,,,,,548,CONSENT_REVOKED,CONSENT_REVOKED,CONSENT_REVOKED,CONSENT_REVOKED,CONSENT_REVOKED,CONSENT_REVOKED,CONSENT_REVOKED,CONSENT_REVOKED,CONSENT_REVOKED,CONSENT_REVOKED,CONSENT_REVOKED
656222c57fcbff9d50f45f55,5c7560f14f23e50016135028,RETURNED,2023-11-25T16:37:28.145000Z,,,,,,6335,CONSENT_REVOKED,CONSENT_REVOKED,CONSENT_REVOKED,CONSENT_REVOKED,CONSENT_REVOKED,CONSENT_REVOKED,CONSENT_REVOKED,CONSENT_REVOKED,CONSENT_REVOKED,CONSENT_REVOKED,CONSENT_REVOKED
656222e4c580f1305d0a2e02,57bfc1beef05670001ee84c2,RETURNED,2023-11-25T16:37:59.333000Z,,,,,,5109,CONSENT_REVOKED,CONSENT_REVOKED,CONSENT_REVOKED,CONSENT_REVOKED,CONSENT_REVOKED,CONSENT_REVOKED,CONSENT_REVOKED,CONSENT_REVOKED,CONSENT_REVOKED,CONSENT_REVOKED,CONSENT_REVOKED
6562242c94b400ad8a63d7d9,5dcefcd0307b8d05031d7264,RETURNED,2023-11-25T16:52:28.528000Z,,,,,,7794,CONSENT_REVOKED,CONSENT_REVOKED,CONSENT_REVOKED,CONSENT_REVOKED,CONSENT_REVOKED,CONSENT_REVOKED,CONSENT_REVOKED,CONSENT_REVOKED,CONSENT_REVOKED,CONSENT_REVOKED,CONSENT_REVOKED
656224d3da94f063cc06afee,5b9b09660611410001065316,RETURNED,2023-11-25T16:46:16.287000Z,,,,,,1985,CONSENT_REVOKED,CONSENT_REVOKED,CONSENT_REVOKED,CONSENT_REVOKED,CONSENT_REVOKED,CONSENT_REVOKED,CONSENT_REVOKED,CONSENT_REVOKED,CONSENT_REVOKED,CONSENT_REVOKED,CONSENT_REVOKED
6562260f8b1bd5f742709c39,586372cae16d530001b345b8,RETURNED,2023-11-25T17:01:24.358000Z,,,,,,6020,CONSENT_REVOKED,CONSENT_REVOKED,CONSENT_REVOKED,CONSENT_REVOKED,CONSENT_REVOKED,CONSENT_REVOKED,CONSENT_REVOKED,CONSENT_REVOKED,CONSENT_REVOKED,CONSENT_REVOKED,CONSENT_REVOKED
6562262c58fc1a695865e94e,615de8088e854203de184778,RETURNED,2023-11-25T16:52:02.516000Z,,,,,,192,CONSENT_REVOKED,CONSENT_REVOKED,CONSENT_REVOKED,CONSENT_REVOKED,CONSENT_REVOKED,CONSENT_REVOKED,CONSENT_REVOKED,CONSENT_REVOKED,CONSENT_REVOKED,CONSENT_REVOKED,CONSENT_REVOKED
656226913d9d8a788f63d89f,558a035bfdf99b2d75651378,RETURNED,2023-11-25T16:53:42.443000Z,,,,,,1310,CONSENT_REVOKED,CONSENT_REVOKED,CONSENT_REVOKED,CONSENT_REVOKED,CONSENT_REVOKED,CONSENT_REVOKED,CONSENT_REVOKED,CONSENT_REVOKED,CONSENT_REVOKED,CONSENT_REVOKED,CONSENT_REVOKED
6562276c05f88f4274f45f49,5e9fc65dee2ccf178f0e413f,RETURNED,2023-11-25T16:57:22.339000Z,,,,,,4524,CONSENT_REVOKED,CONSENT_REVOKED,CONSENT_REVOKED,CONSENT_REVOKED,CONSENT_REVOKED,CONSENT_REVOKED,CONSENT_REVOKED,CONSENT_REVOKED,CONSENT_REVOKED,CONSENT_REVOKED,CONSENT_REVOKED
656227b2e70d0ae1609e0e06,5bc3f805f70e2e000121f9b0,RETURNED,2023-11-25T17:09:00.065000Z,,,,,,2991,CONSENT_REVOKED,CONSENT_REVOKED,CONSENT_REVOKED,CONSENT_REVOKED,CONSENT_REVOKED,CONSENT_REVOKED,CONSENT_REVOKED,CONSENT_REVOKED,CONSENT_REVOKED,CONSENT_REVOKED,CONSENT_REVOKED
6562284f6f8924faf29e0e8d,5e2f5b28129198070e2996db,RETURNED,2023-11-25T17:01:14.756000Z,,,,,,5851,CONSENT_REVOKED,CONSENT_REVOKED,CONSENT_REVOKED,CONSENT_REVOKED,CONSENT_REVOKED,CONSENT_REVOKED,CONSENT_REVOKED,CONSENT_REVOKED,CONSENT_REVOKED,CONSENT_REVOKED,CONSENT_REVOKED
65622903f582611f2a051f1f,644ee5a8f25289f7efacbef4,RETURNED,2023-11-25T17:15:00.062000Z,,,,,,1562,CONSENT_REVOKED,CONSENT_REVOKED,CONSENT_REVOKED,CONSENT_REVOKED,CONSENT_REVOKED,CONSENT_REVOKED,CONSENT_REVOKED,CONSENT_REVOKED,CONSENT_REVOKED,CONSENT_REVOKED,CONSENT_REVOKED
6562293d04ff9019381ed453,5ded9996838b4f45b83bb3f9,RETURNED,2023-11-25T17:06:20.413000Z,,,,,,4346,CONSENT_REVOKED,CONSENT_REVOKED,CONSENT_REVOKED,CONSENT_REVOKED,CONSENT_REVOKED,CONSENT_REVOKED,CONSENT_REVOKED,CONSENT_REVOKED,CONSENT_REVOKED,CONSENT_REVOKED,CONSENT_REVOKED
65622c976752019f98cf57b3,603ecd847a63f50124aa5822,RETURNED,2023-11-25T17:19:19.710000Z,,,,,,3909,CONSENT_REVOKED,CONSENT_REVOKED,CONSENT_REVOKED,CONSENT_REVOKED,CONSENT_REVOKED,CONSENT_REVOKED,CONSENT_REVOKED,CONSENT_REVOKED,CONSENT_REVOKED,CONSENT_REVOKED,CONSENT_REVOKED
65623166af788989fed6359b,63bf40687b33e43442effb9b,RETURNED,2023-11-25T17:39:54.518000Z,,,,,,2790,CONSENT_REVOKED,CONSENT_REVOKED,CONSENT_REVOKED,CONSENT_REVOKED,CONSENT_REVOKED,CONSENT_REVOKED,CONSENT_REVOKED,CONSENT_REVOKED,CONSENT_REVOKED,CONSENT_REVOKED,CONSENT_REVOKED
6562319576bea659f43be427,643bd22e67aeded15060e447,RETURNED,2023-11-25T17:40:39.977000Z,,,,,,1660,CONSENT_REVOKED,CONSENT_REVOKED,CONSENT_REVOKED,CONSENT_REVOKED,CONSENT_REVOKED,CONSENT_REVOKED,CONSENT_REVOKED,CONSENT_REVOKED,CONSENT_REVOKED,CONSENT_REVOKED,CONSENT_REVOKED
656231a1af788989fed6359f,58595b56a3149800011e156e,RETURNED,2023-11-25T17:40:53.851000Z,,,,,,4067,CONSENT_REVOKED,CONSENT_REVOKED,CONSENT_REVOKED,CONSENT_REVOKED,CONSENT_REVOKED,CONSENT_REVOKED,CONSENT_REVOKED,CONSENT_REVOKED,CONSENT_REVOKED,CONSENT_REVOKED,CONSENT_REVOKED
656231fdbfe85031025fef01,612547f89bad5437aaecfa66,RETURNED,2023-11-25T17:42:26.191000Z,,,,,,5132,CONSENT_REVOKED,CONSENT_REVOKED,CONSENT_REVOKED,CONSENT_REVOKED,CONSENT_REVOKED,CONSENT_REVOKED,CONSENT_REVOKED,CONSENT_REVOKED,CONSENT_REVOKED,CONSENT_REVOKED,CONSENT_REVOKED
656232475fde826cb82b4af1,64077ddd11208afe2bec171a,RETURNED,2023-11-25T17:49:29.622000Z,,,,,,1498,CONSENT_REVOKED,CONSENT_REVOKED,CONSENT_REVOKED,CONSENT_REVOKED,CONSENT_REVOKED,CONSENT_REVOKED,CONSENT_REVOKED,CONSENT_REVOKED,CONSENT_REVOKED,CONSENT_REVOKED,CONSENT_REVOKED
656233716e59ef440f0063e6,5ddee8912e6c77e798b5882f,RETURNED,2023-11-25T17:58:33.576000Z,,,,,,6852,CONSENT_REVOKED,CONSENT_REVOKED,CONSENT_REVOKED,CONSENT_REVOKED,CONSENT_REVOKED,CONSENT_REVOKED,CONSENT_REVOKED,CONSENT_REVOKED,CONSENT_REVOKED,CONSENT_REVOKED,CONSENT_REVOKED
65623374e4e979a116eed534,5c110067753adc00015913e3,RETURNED,2023-11-25T17:48:48.339000Z,,,,,,3175,CONSENT_REVOKED,CONSENT_REVOKED,CONSENT_REVOKED,CONSENT_REVOKED,CONSENT_REVOKED,CONSENT_REVOKED,CONSENT_REVOKED,CONSENT_REVOKED,CONSENT_REVOKED,CONSENT_REVOKED,CONSENT_REVOKED
65623376163e4c5a24c97bad,5d88db42c1d06e001a1fdcab,RETURNED,2023-11-25T17:48:38.057000Z,,,,,,7004,CONSENT_REVOKED,CONSENT_REVOKED,CONSENT_REVOKED,CONSENT_REVOKED,CONSENT_REVOKED,CONSENT_REVOKED,CONSENT_REVOKED,CONSENT_REVOKED,CONSENT_REVOKED,CONSENT_REVOKED,CONSENT_REVOKED
656233caebde63a4d1e40028,59347d4f53490b0001563e47,RETURNED,2023-11-25T17:53:56.045000Z,,,,,,2554,CONSENT_REVOKED,CONSENT_REVOKED,CONSENT_REVOKED,CONSENT_REVOKED,CONSENT_REVOKED,CONSENT_REVOKED,CONSENT_REVOKED,CONSENT_REVOKED,CONSENT_REVOKED,CONSENT_REVOKED,CONSENT_REVOKED
65623435d974b22ef85a87bb,63c1d184883ce15537788b40,RETURNED,2023-11-25T17:53:20.743000Z,,,,,,2042,CONSENT_REVOKED,CONSENT_REVOKED,CONSENT_REVOKED,CONSENT_REVOKED,CONSENT_REVOKED,CONSENT_REVOKED,CONSENT_REVOKED,CONSENT_REVOKED,CONSENT_REVOKED,CONSENT_REVOKED,CONSENT_REVOKED
